Actual,Predicted,Variance
6.2,6.174144265757035,0.025855734242965056
6.5,6.604523160100195,-0.1045231601001948
6.1,6.137412279179443,-0.037412279179443786
6.4,6.3795985089076215,0.020401491092378876
6.7,6.567665972861617,0.13233402713838327
6.8,7.010732425519276,-0.21073242551927596
5.2,5.531073424888874,-0.33107342488887426
6.3,6.284504727131361,0.015495272868638388
4.9,5.085358184926542,-0.18535818492654155
6.7,6.632537760654598,0.06746223934540208
6.5,6.366638244578219,0.13336175542178097
6.6,6.586377821825769,0.013622178174230726
4.9,4.919040776098218,-0.019040776098218082
5.9,6.0433910620250595,-0.14339106202505914
6.2,6.12100815568926,0.0789918443107398
6.8,6.745220636685883,0.05477936331411648
6.7,6.5937508614184175,0.10624913858158269
6.6,6.661241939700919,-0.06124193970091962
5.4,5.244848250536317,0.15515174946368315
6.8,6.7925690069249836,0.007430993075016268
6.0,5.97235257383015,0.02764742616984961
6.1,5.957656305244884,0.142343694755116
6.6,6.563850971949918,0.036149028050081355
6.6,6.5825276102773715,0.0174723897226281
6.6,6.664734341889233,-0.064734341889233
6.7,6.6671744214054804,0.03282557859451973
5.7,5.762766615549756,-0.06276661554975593
6.6,6.688717259761637,-0.08871725976163702
6.6,6.565625976864132,0.034374023135868015
6.6,6.393301227039142,0.20669877296085737
6.8,6.7177928145338655,0.08220718546613437
6.4,6.398484590946609,0.0015154090533915365
6.5,6.400657970853646,0.09934202914635382
5.2,5.457262243550505,-0.257262243550505
6.6,6.697985550409593,-0.097985550409593
6.3,6.546921841952977,-0.24692184195297706
4.9,4.800977100870078,0.09902289912992224
6.7,6.6896875176054,0.010312482394600586
6.5,6.609742706959988,-0.10974270695998811
6.3,6.488740330545738,-0.18874033054573847
6.7,6.624016925972569,0.07598307402743121
6.6,6.605280222108666,-0.005280222108666521
6.1,6.044386990073079,0.05561300992692075
6.6,6.59865592730919,0.0013440726908093836
5.3,5.5835746156367065,-0.2835746156367067
6.5,6.797745707684143,-0.2977457076841432
6.4,6.366943912439471,0.03305608756052969
6.7,6.8361268656264755,-0.13612686562647536
6.4,6.4221596360110755,-0.02215963601107518
6.6,6.5753803493532725,0.02461965064672711
6.8,6.62495621516733,0.17504378483266958
6.8,6.78254969760548,0.01745030239451939
6.8,6.678154504095184,0.12184549590481542
6.9,6.632142791953858,0.2678572080461423
6.7,6.646479141239395,0.05352085876060553
6.7,6.655025541838931,0.04497445816106893
6.6,6.437298812319193,0.16270118768080621
5.7,5.88570250360984,-0.18570250360984009
6.6,6.494940487904575,0.10505951209542452
6.0,6.037818710033012,-0.03781871003301163
6.4,6.342613536622032,0.057386463377968155
6.8,6.771461839679695,0.028538160320304762
6.1,6.22804611141413,-0.1280461114141307
6.4,6.495042377169593,-0.09504237716959274
6.6,6.5955105802581055,0.004489419741894096
6.7,6.831926552506706,-0.13192655250670615
5.7,5.657761378866761,0.042238621133239285
6.7,6.709925675510347,-0.009925675510347176
6.8,6.795704542230979,0.0042954577690208495
6.4,6.436068893406144,-0.03606889340614394
6.6,6.590743805065145,0.009256194934854634
6.6,6.611797293760148,-0.011797293760148264
6.4,6.5513596324995795,-0.15135963249957918
6.4,6.1830442720529994,0.2169557279470009
6.7,6.656749722050099,0.043250277949900884
6.2,6.119168631085923,0.08083136891407694
6.5,6.527080231070222,-0.027080231070222283
6.6,6.545432610154176,0.054567389845823655
6.1,6.0308978096064045,0.06910219039359511
6.7,6.8291972688799545,-0.1291972688799543
6.5,6.4267716821092495,0.07322831789075046
6.6,6.615225178091034,-0.015225178091034408
6.8,6.670579581801157,0.1294204181988432
6.6,6.621400147607238,-0.021400147607238296
6.6,6.426490247295508,0.17350975270449176
5.9,5.91384126977912,-0.013841269779119258
6.6,6.517502856798073,0.0824971432019268
6.7,6.6878364671809205,0.01216353281907967
5.1,5.1413539437682125,-0.041353943768212886
6.7,6.608434364269,0.0915656357310004
6.7,6.75172237197698,-0.05172237197697971
6.5,6.442036117503365,0.057963882496634866
6.6,6.561387267425804,0.03861273257419562
6.7,6.680361939358061,0.01963806064193907
6.7,6.582688753937114,0.11731124606288645
6.6,6.742717169489103,-0.14271716948910296
6.4,6.195934397221041,0.20406560277895913
5.4,5.534165930388388,-0.13416593038838798
6.6,6.478939793963438,0.12106020603656198
6.6,6.662190475305545,-0.062190475305545334
6.7,6.586550906096091,0.11344909390390878
6.5,6.634882053718259,-0.13488205371825934
6.6,6.691535092519208,-0.09153509251920866
6.8,6.738696055095431,0.061303944904568475
6.6,6.530347978852221,0.06965202114777824
6.6,6.69660374223294,-0.09660374223294
6.4,6.458421097897821,-0.05842109789782057
5.9,5.921143591780007,-0.021143591780006687
6.6,6.593873178977827,0.00612682102217299
6.6,6.578770354117392,0.021229645882607784
6.6,6.554025541491569,0.045974458508430516
6.2,6.251207729102369,-0.05120772910236848
6.4,6.314885624209367,0.08511437579063319
6.7,6.612676772319684,0.08732322768031597
5.4,5.7649667765102715,-0.3649667765102711
6.8,6.7702549859073375,0.02974501409266228
6.7,6.472476241431716,0.22752375856828433
6.7,6.627615354446555,0.07238464555344493
6.7,6.594845752607165,0.10515424739283485
6.0,6.184580051773674,-0.18458005177367376
6.7,6.797686758648307,-0.09768675864830723
6.5,6.161398059566395,0.33860194043360536
6.6,6.623929337816888,-0.023929337816888108
6.7,6.714109066403045,-0.014109066403045212
6.7,6.538002836329412,0.16199716367058858
6.3,6.1680799804664375,0.13192001953356236
5.8,5.897499072956878,-0.09749907295687787
6.8,6.670040042222524,0.1299599577774755
6.6,6.559683302933989,0.04031669706601093
6.6,6.537249353788592,0.06275064621140736
6.3,6.2443525909205455,0.05564740907945431
6.2,6.203372749753461,-0.003372749753460802
6.7,6.407571411269381,0.29242858873061905
6.7,6.681896516495177,0.018103483504822826
6.7,6.7288514688955425,-0.028851468895542354
6.5,6.34517553754688,0.15482446245311987
6.4,6.279270302199364,0.12072969780063669
6.6,6.501804501874257,0.09819549812574291
6.0,6.173960953451756,-0.17396095345175588
6.5,6.612158372842499,-0.11215837284249908
6.7,6.620797040971587,0.07920295902841357
6.3,6.323421318318312,-0.023421318318312068
5.6,5.654739382237359,-0.054739382237359635
6.6,6.356034595047799,0.24396540495220087
5.8,5.824607059764949,-0.024607059764949035
6.6,6.511726596854125,0.08827340314587495
6.3,6.337581283742089,-0.0375812837420888
6.8,6.808306165375204,-0.008306165375204344
6.3,6.290022340196785,0.009977659803214856
6.6,6.6472596913445745,-0.04725969134457486
6.5,6.475704830764556,0.024295169235443836
6.5,6.572163855745103,-0.07216385574510298
6.9,6.597020353840284,0.3029796461597165
6.6,6.891872151711764,-0.2918721517117646
6.7,6.745938970436958,-0.04593897043695794
6.3,6.329231996774706,-0.02923199677470656
6.3,6.249416488742179,0.05058351125782057
6.8,6.759191055342182,0.040808944657817925
6.8,6.7849817190609,0.01501828093909996
6.7,6.529249095416205,0.17075090458379538
6.1,6.2779886482597975,-0.17798864825979788
6.9,6.8121035914902315,0.08789640850976888
6.4,6.4958796161241725,-0.09587961612417217
6.8,6.744760301112533,0.05523969888746638
6.6,6.5546186552858305,0.0453813447141691
6.6,6.677755908393637,-0.07775590839363744
6.6,6.67073499334907,-0.07073499334907041
6.5,6.590689936800164,-0.0906899368001639
6.7,6.716404209569731,-0.016404209569730988
6.5,6.368929364446407,0.1310706355535931
6.7,6.5470988873089695,0.15290111269103068
6.4,6.371641137511292,0.02835886248870878
6.6,6.500256832512028,0.09974316748797207
6.5,6.416410572495634,0.08358942750436604
6.8,6.691910542395741,0.10808945760425903
6.6,6.34557181821271,0.25442818178729
6.5,6.336473249743955,0.1635267502560449
6.7,6.632098756495303,0.06790124350469728
6.9,6.940118876793994,-0.04011887679399351
6.2,6.3436567247591915,-0.14365672475919133
7.0,6.805263282562258,0.1947367174377419
6.7,6.6031282981772215,0.09687170182277871
5.9,5.905614649889855,-0.005614649889854384
6.7,6.512242299063779,0.18775770093622146
6.6,6.6404766093876955,-0.04047660938769582
6.6,6.66557736698916,-0.06557736698916017
5.1,5.293123385157049,-0.1931233851570493
6.5,6.4505896462063355,0.04941035379366454
6.2,6.114474609808951,0.08552539019104888
6.7,6.598458088429393,0.10154191157060755
6.4,6.414132101582881,-0.014132101582880807
6.6,6.545427086551349,0.05457291344865034
6.3,6.262847958881363,0.037152041118637236
6.6,6.460104057559409,0.13989594244059056
6.7,6.6219016988348365,0.0780983011651637
6.4,6.40225517976389,-0.002255179763889892
6.0,5.949666419705316,0.0503335802946836
6.1,6.2336620195405805,-0.13366201954058088
6.6,6.5182850258098135,0.08171497419018614
6.4,6.286472335432423,0.11352766456757735
6.6,6.4764254063558635,0.12357459364413614
6.5,6.5615762257819945,-0.06157622578199451
6.8,6.804624715100113,-0.004624715100113086
6.7,6.791679089803977,-0.09167908980397677
5.4,5.475970162284483,-0.07597016228448261
6.2,6.174165910830693,0.025834089169307184
7.0,7.099192530239069,-0.09919253023906904
6.0,6.0487109125984295,-0.04871091259842952
5.6,5.607698493799758,-0.007698493799757955
6.4,6.485361124214975,-0.08536112421497499
4.8,4.775915322864033,0.02408467713596707
6.4,6.332086733564116,0.06791326643588391
6.5,6.463120074990316,0.036879925009683845
6.6,6.647392993093293,-0.047392993093293256
5.0,5.082255674514684,-0.08225567451468407
6.7,6.648017961232362,0.05198203876763774
6.7,6.618553349593947,0.08144665040605314
6.4,6.382677674849013,0.017322325150987083
6.7,6.947604680593489,-0.24760468059348906
6.6,6.538838840864585,0.06116115913541442
6.4,6.4173832645409465,-0.017383264540946186
6.2,6.327091007344915,-0.12709100734491496
6.6,6.642524801282871,-0.042524801282871394
6.7,6.775545018988529,-0.07554501898852894
6.4,6.4561825513633035,-0.05618255136330319
5.9,6.271953238796927,-0.37195323879692666
6.0,6.057120140818915,-0.05712014081891503
6.3,6.250413224539882,0.04958677546011803
6.4,6.44344796090667,-0.04344796090666936
6.9,6.626215549191768,0.27378445080823255
6.9,6.861616636360535,0.038383363639465706
6.8,6.822219449578906,-0.022219449578906314
6.3,6.39036894258952,-0.09036894258952
5.9,5.86939568838752,0.030604311612480117
6.8,6.687379069777904,0.11262093022209552
6.3,6.295593440115861,0.004406559884138517
6.1,6.120555437893103,-0.02055543789310299
7.0,7.021852804990397,-0.02185280499039699
5.3,5.712694186542736,-0.41269418654273604
6.7,6.767404260634638,-0.06740426063463811
6.7,6.74956676801033,-0.049566768010329554
6.8,6.836785364785008,-0.03678536478500849
4.9,5.162939935521397,-0.2629399355213966
6.3,6.264651390763818,0.03534860923618144
6.8,6.8327331678352365,-0.03273316783523672
6.5,6.402734879205584,0.0972651207944164
6.8,6.825512258435868,-0.02551225843586824
6.8,6.694555974513436,0.1054440254865634
6.8,6.84616114974976,-0.04616114974975982
5.7,5.73540701968629,-0.03540701968629012
6.2,6.265172105164288,-0.06517210516428751
6.7,6.7367337581164985,-0.03673375811649837
6.1,6.023888538632961,0.07611146136703884
6.7,6.528089854613737,0.17191014538626348
6.7,6.660894654497133,0.03910534550286737
6.6,6.669818969870487,-0.06981896987048763
6.5,6.298950547266569,0.20104945273343144
6.5,6.4802639610429615,0.01973603895703846
6.6,6.611203751475054,-0.011203751475054702
6.6,6.6605854274567635,-0.060585427456763874
6.5,6.289694987103013,0.21030501289698744
5.8,6.016810295001129,-0.21681029500112903
6.6,6.5232761715403225,0.07672382845967718
6.9,6.970968697037259,-0.07096869703725872
6.4,6.246853209851808,0.15314679014819266
6.8,6.688823330051559,0.11117666994844111
6.6,6.6513670320188805,-0.05136703201888082
6.1,6.031136858197033,0.06886314180296704
6.3,6.2722195030816765,0.027780496918323294
6.3,6.355572143963817,-0.05557214396381749
6.6,6.569393697961065,0.030606302038934885
6.6,6.696903240682552,-0.0969032406825523
6.7,6.565829908380552,0.13417009161944815
6.5,6.599811068830152,-0.09981106883015212
6.9,6.8761322253885915,0.023867774611408876
6.3,6.152343482414173,0.1476565175858271
6.0,6.205837876633247,-0.2058378766332467
6.3,6.243333142512009,0.05666685748799072
6.6,6.631801158682197,-0.031801158682197794
6.6,6.6192887540569325,-0.019288754056932866
6.5,6.396321898613577,0.1036781013864232
6.6,6.536715497826964,0.06328450217303594
6.6,6.547887813534512,0.05211218646548765
6.6,6.627665507852635,-0.02766550785263533
6.1,6.031104539814076,0.06889546018592352
6.4,6.223750968556773,0.176249031443227
6.2,6.069163089960867,0.13083691003913334
6.7,6.786026963778084,-0.0860269637780835
5.9,6.118717816264994,-0.2187178162649932
6.6,6.893031289132764,-0.293031289132764
6.6,6.5517682599191716,0.04823174008082809
6.3,6.405571448205674,-0.10557144820567377
6.7,6.556207840833496,0.14379215916650434
6.3,6.434041116440884,-0.13404111644088434
6.0,6.102439865130844,-0.1024398651308438
6.6,6.497126219175275,0.10287378082472465
6.6,6.5432815490498815,0.05671845095011818
6.7,6.697749323507188,0.002250676492812076
5.6,5.55916933819745,0.04083066180254935
6.9,6.76870904755147,0.13129095244853062
6.1,6.113812970778458,-0.013812970778458222
6.4,6.483305676771364,-0.08330567677136358
6.5,6.436880210873261,0.06311978912673943
6.6,6.571741433897115,0.028258566102884686
6.8,6.719323587777918,0.08067641222208177
6.7,6.604651536818554,0.09534846318144652
6.6,6.598010973464254,0.0019890265357460635
6.2,6.238178661934166,-0.038178661934165525
6.5,6.511598051851215,-0.011598051851215097
6.8,6.580181582752864,0.21981841724713558
6.6,6.414759516269908,0.18524048373009183
5.9,5.8710389763640976,0.028961023635902805
5.7,5.821082377291186,-0.1210823772911862
6.4,6.427812032105141,-0.027812032105140716
6.9,6.693775997818381,0.20622400218161907
6.8,6.778651511590416,0.021348488409583588
5.6,5.933580561198892,-0.33358056119889223
6.4,6.335686286932438,0.06431371306756262
6.7,6.67387229309499,0.026127706905009873
6.4,6.336893743030446,0.06310625696955441
6.6,6.652463516088433,-0.05246351608843369
6.6,6.437254481294893,0.16274551870510656
6.6,6.455739326365712,0.14426067363428796
6.5,6.460161343137688,0.039838656862311694
6.7,6.847343462567874,-0.147343462567874
6.5,6.592057475304859,-0.09205747530485908
6.1,6.140246398892765,-0.04024639889276571
6.5,6.608806192505419,-0.10880619250541912
6.6,6.461038917614237,0.13896108238576232
6.6,6.601951538225311,-0.0019515382253114666
6.7,6.621167499203109,0.0788325007968913
6.4,6.443844422704489,-0.043844422704488295
6.3,6.28640020611619,0.013599793883809497
6.8,6.7102475819104574,0.08975241808954237
6.2,6.187680157394151,0.01231984260584884
6.7,6.544915215392132,0.155084784607868
6.3,6.281718407743224,0.018281592256776058
6.8,6.785300077790639,0.014699922209360672
6.5,6.39202562183374,0.10797437816625965
6.8,6.601620952929245,0.1983790470707545
6.2,6.228369104019298,-0.02836910401929771
6.0,6.166513044886267,-0.16651304488626728
6.6,6.541009599131564,0.05899040086843588
6.6,6.4883881945549025,0.11161180544509719
5.9,5.873026119193215,0.026973880806785644
6.4,6.354927208571841,0.045072791428159675
6.2,6.144459211910435,0.05554078808956486
6.6,6.518192547662693,0.08180745233730669
5.4,5.485878665228095,-0.08587866522809495
6.2,6.4489233939590935,-0.24892339395909335
6.9,6.774970372739374,0.12502962726062616
6.5,6.511375554537082,-0.011375554537082166
6.6,6.661127065800249,-0.061127065800249625
5.9,6.216104046093168,-0.31610404609316767
6.5,6.40291985548382,0.09708014451618041
6.2,6.1453898334719135,0.0546101665280867
6.3,6.35192846729243,-0.051928467292429836
6.3,6.426421545782009,-0.12642154578200948
6.8,6.810263729307989,-0.010263729307989244
6.7,6.738538429566386,-0.03853842956638598
6.4,6.31904762356212,0.08095237643788078
6.2,6.115282355571251,0.08471764442874896
6.3,6.294943222256267,0.005056777743733143
6.2,6.113893130082741,0.08610686991725913
6.5,6.596097058127388,-0.09609705812738767
6.6,6.47581959221022,0.12418040778977968
6.5,6.731027149370897,-0.23102714937089708
6.7,6.750362465013262,-0.05036246501326147
6.7,6.715269648926673,-0.015269648926673263
6.6,6.611202437097695,-0.01120243709769575
6.7,6.614242144012676,0.08575785598732377
6.7,6.712773703131516,-0.012773703131515823
6.3,6.41653048342989,-0.11653048342988992
6.7,6.601454107392579,0.09854589260742141
6.8,6.8339909830992625,-0.03399098309926263
5.4,5.410599393291898,-0.01059939329189774
6.4,6.237913627729208,0.16208637227079237
6.7,6.670120830577943,0.02987916942205704
6.8,6.92028936680229,-0.12028936680229041
5.9,6.005226315107331,-0.10522631510733049
6.7,6.643562139453487,0.05643786054651301
6.3,6.306233827374168,-0.0062338273741682215
6.8,6.500353263945651,0.2996467360543491
6.9,6.840374121406288,0.059625878593712045
6.6,6.54722284142094,0.05277715857905996
6.6,6.424032448536829,0.17596755146317022
6.7,6.599276351922021,0.10072364807797918
6.8,6.905289999195188,-0.10528999919518789
6.2,6.4252268340889245,-0.2252268340889243
6.5,6.553429644388668,-0.05342964438866815
6.1,6.1224662685743025,-0.022466268574302894
6.3,6.371641353309256,-0.07164135330925614
6.2,6.2480933980358095,-0.048093398035809365
6.2,6.1842083743468255,0.015791625653174712
6.3,6.439551806336036,-0.13955180633603614
6.8,6.760667067502125,0.039332932497874395
6.7,6.583278499221846,0.11672150077815413
6.7,6.825013009174368,-0.12501300917436797
6.3,6.19642219864364,0.10357780135635952
5.9,5.790819701418804,0.10918029858119649
6.2,6.380608698793079,-0.18060869879307884
6.6,6.5606248634625945,0.0393751365374051
6.6,6.576007662634138,0.02399233736586126
6.8,6.735939074858518,0.0640609251414821
6.3,6.440225814923373,-0.14022581492337327
6.7,6.716991971435963,-0.01699197143596276
6.7,6.944690345794005,-0.2446903457940044
6.9,6.856582796211011,0.043417203788989056
6.5,6.654067963862699,-0.1540679638626994
6.8,6.831544404002696,-0.031544404002696425
6.2,6.166816268501915,0.0331837314980854
5.3,5.332563886989215,-0.032563886989215085
6.4,6.422511235727475,-0.0225112357274746
6.5,6.314990992038359,0.1850090079616411
6.4,6.493206427187355,-0.09320642718735428
6.5,6.591479559266356,-0.09147955926635642
6.2,5.977432200581765,0.22256779941823535
6.3,6.363234381937584,-0.06323438193758424
6.7,6.8896955443713255,-0.1896955443713253
6.5,6.592092870906095,-0.09209287090609486
6.9,6.65658258736603,0.24341741263397054
6.6,6.597128120026413,0.0028718799735862888
6.8,6.908389637673288,-0.10838963767328824
6.0,5.945183568156471,0.05481643184352869
6.2,6.162218346012978,0.0377816539870226
6.8,6.727226888514535,0.07277311148546506
5.9,5.924751633856051,-0.024751633856050503
6.6,6.602165698261806,-0.002165698261806348
6.9,7.108422941319116,-0.20842294131911565
6.6,6.527154017919356,0.07284598208064352
6.7,6.6370576577351095,0.0629423422648907
6.7,6.615124834273594,0.08487516572640619
6.5,6.43318332919688,0.06681667080311993
6.7,6.719195537154834,-0.01919553715483424
6.5,6.461109594514947,0.03889040548505296
6.8,6.911060755748,-0.11106075574800034
6.8,6.711301741547494,0.08869825845250556
6.6,6.47520775112139,0.12479224887860951
6.1,6.261025596928292,-0.1610255969282921
5.6,5.710775112607405,-0.11077511260740547
6.8,6.803614919568691,-0.0036149195686911995
6.6,6.543330451060838,0.056669548939161984
6.6,6.541626587511658,0.058373412488341714
6.7,6.665506060075883,0.034493939924117534
5.4,5.431078780523656,-0.031078780523655425
6.7,6.630695801111322,0.06930419888867778
6.9,6.9838239428528155,-0.08382394285281514
6.3,6.603028925719901,-0.30302892571990103
6.8,6.69616650848533,0.1038334915146697
6.4,6.535792497734782,-0.13579249773478175
6.6,6.556086934447784,0.04391306555221597
6.6,6.713441890319446,-0.11344189031944651
6.4,6.3597282816870315,0.04027171831296883
6.6,6.646383565814105,-0.04638356581410541
6.9,6.809047365662996,0.09095263433700396
6.2,6.239498778731127,-0.03949877873112673
6.4,6.357391767706,0.04260823229400046
5.6,5.61959097824894,-0.019590978248940516
6.4,6.352897128895384,0.04710287110461664
6.4,6.596835882418386,-0.19683588241838557
5.4,5.629967974258634,-0.22996797425863402
7.0,7.094598400507905,-0.09459840050790458
6.8,6.688982087916454,0.11101791208354594
6.7,6.694079042946319,0.005920957053681342
6.5,6.4805226027955705,0.019477397204429536
5.9,5.9801872760371495,-0.08018727603714915
6.4,6.413679842017865,-0.013679842017864985
6.8,6.639900526703965,0.16009947329603502
6.7,6.440598915074613,0.25940108492538716
6.2,6.364510474917095,-0.16451047491709492
6.7,6.6568261576332395,0.043173842366760695
6.6,6.47627271563911,0.12372728436089009
7.1,7.027970069034897,0.0720299309651029
6.7,6.677611318002883,0.022388681997116855
5.2,5.935301183014401,-0.7353011830144007
6.8,6.737829043096424,0.06217095690357599
6.3,6.177363536259156,0.12263646374084392
6.0,6.043337518407693,-0.043337518407692954
4.8,4.591113861367404,0.20888613863259575
6.5,6.502647637948398,-0.0026476379483977297
6.6,6.599316576968245,0.0006834230317549483
6.2,6.317187504281549,-0.11718750428154845
5.9,5.9291322369736275,-0.0291322369736271
6.2,6.331419173808415,-0.13141917380841495
6.1,6.287981103897334,-0.18798110389733402
6.7,6.747897548340342,-0.04789754834034188
6.4,6.479410722500172,-0.07941072250017189
6.6,6.5926286046460945,0.007371395353905186
6.9,6.890915238027091,0.009084761972909305
6.7,6.6391840798710655,0.060815920128934664
6.5,6.572383978392039,-0.0723839783920388
6.7,6.571485818699028,0.12851418130097247
6.3,6.187639523605506,0.11236047639449342
6.6,6.674708100906032,-0.0747081009060322
6.6,6.593575878940539,0.006424121059460219
6.4,6.585485303350582,-0.1854853033505819
7.0,6.820449738042446,0.1795502619575542
6.4,6.358568048742933,0.04143195125706711
6.5,6.521313526096245,-0.021313526096244928
6.5,6.68537219260333,-0.18537219260332982
6.8,6.697736761965116,0.10226323803488402
6.7,6.693376715674326,0.006623284325674383
6.6,6.563746007205545,0.03625399279445496
6.3,6.356457816895254,-0.05645781689525453
7.1,6.742621253319708,0.35737874668029157
6.7,6.7629315387897675,-0.06293153878976732
6.6,6.70715978659735,-0.10715978659735015
6.6,6.587186368377418,0.012813631622581312
6.5,6.5722416387818905,-0.0722416387818905
5.4,5.427897433369639,-0.027897433369638236
5.9,5.950463845851425,-0.05046384585142505
6.3,6.399129557229367,-0.09912955722936712
6.6,6.464547902586591,0.1354520974134088
6.8,6.601774286445785,0.1982257135542147
6.7,6.632728709487626,0.06727129051237402
6.7,6.668087171731871,0.03191282826812891
6.6,6.529540788608636,0.07045921139136357
6.7,6.7036788713035,-0.0036788713034994203
5.5,5.650552475275201,-0.15055247527520077
6.6,6.629828237891731,-0.02982823789173139
6.7,6.6727497713522865,0.027250228647713648
6.7,6.666324512115342,0.03367548788465857
6.5,6.481481972029747,0.018518027970253037
6.7,6.7010357941542775,-0.0010357941542773474
6.6,6.612746939006554,-0.012746939006554214
6.7,6.539733762341738,0.16026623765826198
6.4,6.479124480634585,-0.07912448063458477
6.5,6.510448036498969,-0.010448036498969415
6.9,7.141840635768753,-0.24184063576875303
6.8,6.839828624195105,-0.039828624195105355
6.9,6.865697185580034,0.03430281441996641
5.5,5.584936438507608,-0.0849364385076079
6.7,6.579939204303651,0.12006079569634931
6.5,6.566901066192973,-0.06690106619297342
5.9,5.9371504625110925,-0.03715046251109211
6.2,6.2174412035361435,-0.017441203536143313
5.0,5.04537623238901,-0.04537623238901034
6.1,6.052412076043361,0.047587923956638356
6.7,6.517581711408193,0.18241828859180753
6.3,6.177205900718739,0.1227940992812604
6.7,6.6316860703695255,0.06831392963047467
6.3,6.3277469626900125,-0.027746962690012644
6.5,6.4646080092913945,0.03539199070860555
5.4,5.5968269855314565,-0.19682698553145617
6.5,6.455343654282648,0.04465634571735233
6.6,6.689246060462221,-0.08924606046222117
6.0,6.084278571159473,-0.0842785711594729
6.6,6.654564931098129,-0.05456493109812932
6.7,6.735756676748011,-0.03575667674801064
6.6,6.460319623857206,0.1396803761427936
6.7,6.700193156495906,-0.00019315649590545547
6.7,6.757180050121136,-0.05718005012113547
6.7,6.809819383286136,-0.10981938328613605
6.1,6.206974778006819,-0.1069747780068191
5.3,5.317007594515686,-0.01700759451568601
5.9,5.951812544859907,-0.051812544859906495
6.6,6.682999580904475,-0.08299958090447568
6.6,6.611732090432367,-0.01173209043236767
6.7,6.550455309252679,0.14954469074732124
6.8,6.790944133173047,0.009055866826952474
5.8,5.852577308420697,-0.0525773084206973
6.8,6.758227849466438,0.041772150533561536
5.8,5.841759693019727,-0.04175969301972682
5.7,5.559430985249941,0.14056901475005912
6.4,6.345174522517825,0.0548254774821757
6.3,6.290763295485284,0.009236704514715477
6.4,6.242729144958357,0.1572708550416433
6.5,6.503312547367992,-0.0033125473679920248
6.9,6.755409183489775,0.14459081651022565
6.4,6.4298702489158925,-0.029870248915892184
6.1,6.122016995211019,-0.022016995211019186
6.4,6.2042476941530715,0.19575230584692882
6.8,6.844226950578324,-0.0442269505783246
6.1,6.019307520460509,0.08069247953949077
6.4,6.543222527158161,-0.14322252715816042
6.6,6.524844454926358,0.07515554507364186
6.6,6.462174561542463,0.13782543845753636
6.8,6.5256204826716155,0.2743795173283843
6.1,6.050906913637098,0.04909308636290177
6.7,6.722610182569811,-0.022610182569811066
6.0,5.971872761351612,0.02812723864838773
6.8,6.887573593969599,-0.08757359396959874
5.3,5.435640572214261,-0.1356405722142613
6.9,6.8260953316331525,0.07390466836684784
5.4,5.602938049221311,-0.2029380492213102
6.5,6.37877714091273,0.12122285908727015
6.7,6.760366483406777,-0.06036648340677697
6.6,6.6286341657692365,-0.02863416576923683
6.1,6.027530036414481,0.07246996358551883
6.5,6.488429909998545,0.011570090001455036
6.6,6.66217006767709,-0.06217006767709066
6.5,6.468920382288802,0.031079617711197827
5.8,5.810003595232589,-0.010003595232588758
6.0,5.906692262107109,0.09330773789289104
5.8,5.764051887727506,0.03594811227249384
6.7,6.44175861137866,0.2582413886213404
5.0,4.9704302550146355,0.029569744985364466
6.6,6.64575744774158,-0.04575744774158075
5.7,5.888534584646117,-0.18853458464611705
6.5,6.402491353759682,0.09750864624031763
6.7,6.802506021937361,-0.10250602193736125
4.9,4.702422860119356,0.19757713988064474
6.5,6.452874629331692,0.04712537066830791
6.2,6.175223023172904,0.024776976827095787
6.8,6.911123794161842,-0.11112379416184215
7.0,6.867291616666031,0.13270838333396906
6.5,6.631675487732165,-0.1316754877321653
6.8,6.693273929513858,0.10672607048614147
7.0,6.820918865576957,0.1790811344230434
6.8,6.744433982236078,0.05556601776392167
6.9,6.8590730665624084,0.040926933437591906
6.7,6.725706170067004,-0.025706170067003598
6.7,6.825545316345199,-0.12554531634519872
6.7,6.570236451300206,0.12976354869979456
6.4,6.420653758152232,-0.020653758152231916
5.7,5.679060373290552,0.020939626709448156
6.7,6.711221740697133,-0.011221740697132887
6.2,6.165797146650882,0.0342028533491181
6.9,6.608227761141038,0.29177223885896275
6.5,6.3847312505338305,0.1152687494661695
6.4,6.305890159462162,0.094109840537838
6.6,6.636678287867635,-0.03667828786763572
6.4,6.470135990109021,-0.07013599010902105
6.2,6.20077473426131,-0.0007747342613102504
6.5,6.621686219429641,-0.12168621942964108
6.6,6.62783004262416,-0.02783004262416
6.4,6.445403908943392,-0.04540390894339197
6.4,6.51740204856608,-0.11740204856607939
6.6,6.38045892794946,0.2195410720505393
6.8,6.711517262439086,0.08848273756091363
6.4,6.296993474622005,0.10300652537799504
6.6,6.61193237939836,-0.01193237939836056
6.4,6.416864753279257,-0.01686475327925674
6.7,6.57529393055224,0.12470606944776019
6.7,6.741412732580816,-0.04141273258081579
6.6,6.667048959963365,-0.06704895996336546
6.7,6.573938770960543,0.1260612290394576
6.6,6.493986762559352,0.1060132374406475
6.4,6.255024193624612,0.14497580637538832
6.7,6.664730376009937,0.035269623990063614
6.9,6.862581601359432,0.037418398640568284
5.0,5.121832689763721,-0.12183268976372119
6.3,6.2675632710503795,0.03243672894962035
6.8,6.698470540657073,0.10152945934292656
6.3,6.230180763903537,0.06981923609646312
6.6,6.476765090596629,0.12323490940337045
6.4,6.540214755850015,-0.14021475585001486
6.9,6.810417216050263,0.08958278394973718
6.4,6.313712109160097,0.08628789083990362
6.4,6.461543419532765,-0.06154341953276443
6.3,6.3221184603593095,-0.022118460359309644
6.7,6.874258120442001,-0.1742581204420004
6.6,6.610244838514874,-0.010244838514874566
5.7,5.966810873062826,-0.266810873062826
5.6,5.620326679542322,-0.0203266795423227
6.3,6.515345714545971,-0.21534571454597096
6.3,6.419901535677047,-0.1199015356770472
5.8,5.969497522646401,-0.1694975226464015
6.7,6.638545717448876,0.06145428255112417
6.3,6.539750609674398,-0.23975060967439799
6.1,6.116394499994884,-0.016394499994884626
6.7,6.596605944781276,0.10339405521872447
6.7,6.508499376287071,0.19150062371292886
6.7,6.6545975493722835,0.04540245062771664
6.8,6.808377770033243,-0.008377770033242804
6.7,6.549465386679347,0.15053461332065332
6.6,6.490136333081052,0.10986366691894744
6.2,6.045623394795673,0.1543766052043276
6.4,6.498679466597263,-0.09867946659726279
6.8,6.866993375123501,-0.06699337512350123
6.4,6.351329865671863,0.04867013432813749
6.9,6.894499137624697,0.005500862375303228
6.5,6.332350162215438,0.16764983778456166
5.8,5.957291163609365,-0.15729116360936501
6.9,6.5287148449739245,0.37128515502607584
6.4,6.496021885236875,-0.09602188523687438
6.3,6.312048207635762,-0.012048207635761976
6.3,6.304370715150752,-0.004370715150752602
6.2,6.43131724716363,-0.23131724716362978
6.6,6.766250493130187,-0.16625049313018714
6.5,6.530549168701484,-0.03054916870148361
6.1,6.268732135713714,-0.16873213571371437
6.6,6.7129672495584245,-0.11296724955842485
6.5,6.52494379159819,-0.024943791598190046
6.4,6.224751006065301,0.17524899393469973
6.7,6.845349540807122,-0.14534954080712215
6.2,6.135707502687822,0.06429249731217812
6.4,6.357453925313649,0.042546074686351076
5.7,6.032840190559849,-0.3328401905598488
6.7,6.643247481518918,0.056752518481082426
6.5,6.587316762711945,-0.08731676271194466
6.0,6.016251623190664,-0.016251623190663977
5.6,5.514375492204666,0.08562450779533393
6.5,6.481738594325208,0.018261405674792286
6.5,6.431184254007919,0.06881574599208129
6.6,6.6461711146041225,-0.04617111460412282
6.3,6.225892863181903,0.074107136818097
6.5,6.505101580439808,-0.005101580439808018
5.2,5.229282835328021,-0.02928283532802123
6.8,6.854270483453721,-0.05427048345372132
6.6,6.601339903980367,-0.0013399039803676516
5.4,5.370980238366548,0.029019761633452212
6.4,6.180934494486923,0.21906550551307724
6.6,6.584045443183737,0.015954556816262233
6.6,6.787614977542113,-0.18761497754211298
6.7,6.846158624792449,-0.14615862479244868
6.5,6.418941699871759,0.081058300128241
5.3,5.5228876836403,-0.22288768364029998
6.6,6.4755108136902475,0.12448918630975214
6.4,6.39626389643961,0.003736103560390447
5.7,5.60699444136161,0.09300555863839044
6.8,6.82084513499248,-0.020845134992479863
5.9,6.058897364683826,-0.15889736468382587
6.8,6.756681607060246,0.043318392939753814
6.5,6.287669948851696,0.21233005114830394
6.6,6.74009565873892,-0.14009565873891994
6.5,6.801140970720227,-0.30114097072022705
6.6,6.519724860232278,0.08027513976772127
6.7,6.611972626465656,0.0880273735343442
6.8,6.795072798298408,0.004927201701591777
6.2,6.152412900372497,0.04758709962750274
6.0,6.277401800728299,-0.277401800728299
6.6,6.494866196969916,0.10513380303008368
5.6,5.741577118253759,-0.14157711825375952
6.9,6.943244364778946,-0.04324436477894533
6.6,6.617219348874038,-0.017219348874037976
6.4,6.318440000457265,0.08155999954273518
6.8,6.716695049170825,0.08330495082917455
6.6,6.65161309256135,-0.05161309256135027
6.7,6.723783565762226,-0.0237835657622254
6.4,6.339064153151055,0.060935846848945374
6.7,6.630251803298092,0.0697481967019078
6.1,6.051029835246386,0.04897016475361404
6.2,6.209845628611273,-0.009845628611272694
6.2,6.425721616430708,-0.22572161643070743
7.1,6.687649520473432,0.4123504795265678
6.6,6.777584453007693,-0.1775844530076931
6.7,6.566465941222818,0.13353405877718227
6.4,6.508498421526367,-0.10849842152636668
6.6,6.490415551997252,0.10958444800274769
6.7,6.740926031378553,-0.040926031378552885
6.4,6.519201559354702,-0.11920155935470156
6.5,6.5908223696948,-0.09082236969480029
6.9,6.911150449351366,-0.011150449351365666
6.3,6.2043217468081995,0.09567825319180034
6.6,6.722745734411668,-0.12274573441166847
6.7,6.587641833578811,0.11235816642118923
6.3,6.244719857818708,0.0552801421812914
6.5,6.60854645280576,-0.10854645280575959
6.8,6.784813030495437,0.015186969504562775
6.5,6.4776340736561,0.0223659263439
6.8,6.660403529922265,0.139596470077735
6.7,6.650967075474217,0.04903292452578345
6.4,6.47369818366758,-0.07369818366758007
6.7,6.84389442556248,-0.1438944255624799
6.4,6.368543162666619,0.03145683733338167
6.7,6.705732266863268,-0.005732266863267554
6.3,6.475556718271331,-0.17555671827133157
7.0,6.93428099348284,0.06571900651715978
6.9,6.852702626121429,0.047297373878571136
6.7,6.561279054889879,0.138720945110121
6.6,6.5838121374375245,0.016187862562475175
6.7,6.510674204002775,0.18932579599722477
6.8,6.634462038127756,0.16553796187224368
6.7,6.772014105334787,-0.07201410533478647
6.0,6.000785529143518,-0.0007855291435179268
6.7,6.635776626393213,0.06422337360678743
6.7,6.68424688916269,0.015753110837310125
6.7,6.727223270749631,-0.027223270749630935
6.6,6.494397864816783,0.10560213518321682
6.7,6.716503305195486,-0.01650330519548593
6.4,6.366219710495788,0.033780289504212746
5.4,5.428241809056467,-0.02824180905646667
6.9,6.947161766925206,-0.04716176692520602
6.6,6.618475151578899,-0.01847515157889923
6.5,6.504082553569049,-0.004082553569048741
6.9,7.13538462423795,-0.23538462423795004
6.7,6.658680620171761,0.041319379828238745
6.4,6.552819725819115,-0.15281972581911507
6.3,6.251191257097878,0.048808742902122226
6.7,6.598835874715215,0.10116412528478502
