CountyFIPS,BINGE,CSMOKING,LPA,SLEEP
40065,13.6,17.4,38.5,37.7
17101,21.5,21.7,30.3,36.8
20009,17.1,18.7,32.1,34.2
2020,18.2,15.3,20.5,34.4
40137,13.5,21.8,39.1,37.3
54059,13.1,29.5,38.1,48.7
27017,24.5,20.4,22.0,31.7
31023,24.0,17.0,27.0,32.6
21087,14.5,28.4,35.6,42.0
51005,17.2,22.8,31.3,39.8
48215,14.2,15.6,36.6,35.4
29209,17.8,24.3,32.5,34.7
29037,18.2,19.8,29.6,34.2
47049,14.2,27.0,36.1,42.1
19041,21.7,18.2,27.0,33.8
36103,19.7,13.7,26.6,38.2
27047,22.5,19.2,26.7,33.2
31129,21.4,18.3,30.8,31.3
39103,19.8,18.3,24.9,37.5
28021,10.6,23.8,48.3,45.3
17069,21.4,22.9,30.1,36.0
48179,18.0,20.2,34.3,37.6
21063,14.2,32.2,41.6,43.9
28137,14.2,20.9,39.3,38.9
12091,19.4,18.0,26.4,39.0
48443,17.5,15.8,33.3,37.0
27111,24.2,16.7,22.1,29.0
5055,15.9,23.8,33.5,34.0
51145,18.8,16.9,25.0,36.2
35053,15.6,18.7,30.5,34.8
23027,18.1,20.4,29.6,32.5
22111,19.7,23.2,33.9,39.2
42103,19.7,18.3,26.7,40.0
42125,20.8,19.2,26.2,39.0
55013,24.1,19.1,24.3,33.0
18127,18.5,18.0,29.6,34.5
45051,19.8,22.9,29.1,34.4
4011,17.6,15.2,26.7,35.2
45041,16.4,20.4,33.5,41.0
54033,14.2,23.6,31.6,42.0
39133,19.0,21.7,28.0,40.0
40001,12.1,29.9,43.6,43.1
28107,13.8,22.7,39.1,39.5
38083,22.9,21.0,32.8,34.3
30071,24.5,21.2,26.4,35.6
49003,10.4,10.9,21.9,36.6
39059,19.0,26.2,32.2,42.0
33007,17.7,21.4,27.0,39.0
38011,23.2,17.8,28.4,32.3
42039,18.8,23.9,29.2,40.3
13187,17.6,20.8,30.5,36.1
29153,15.8,29.9,40.6,37.4
21225,14.5,26.6,37.1,43.9
12057,17.9,16.1,26.9,37.6
31151,20.8,17.1,33.2,31.0
46102,16.6,38.1,39.8,36.4
51115,17.7,17.9,26.2,36.6
26013,20.3,24.3,28.7,41.5
19115,21.4,18.5,32.3,34.1
20043,18.1,20.1,31.0,35.9
51580,16.7,22.0,31.0,39.3
12029,19.2,27.8,34.9,40.0
17067,22.3,19.7,27.1,35.4
21077,15.3,26.0,35.1,44.5
8011,15.9,21.4,30.3,35.0
47071,14.5,26.9,35.6,41.1
37019,17.1,18.7,24.7,34.9
20011,17.0,20.3,31.3,36.6
36025,20.7,20.5,30.3,39.5
27003,21.3,16.6,21.0,31.5
49021,9.7,11.1,20.4,33.8
48145,16.4,22.1,37.3,39.5
13267,16.2,24.7,37.8,40.8
36045,19.1,20.4,29.9,38.4
47143,13.9,25.0,34.8,42.9
46137,16.9,32.9,42.4,38.2
47105,15.4,20.9,30.0,41.7
21181,14.0,30.7,40.8,43.6
20149,19.1,15.9,25.5,31.0
37185,14.6,24.6,34.3,41.6
13165,14.6,27.6,42.5,42.9
48073,17.4,20.7,35.1,38.6
6097,19.1,11.4,19.3,30.0
48043,18.1,13.9,29.1,34.6
20107,18.6,21.2,32.6,35.9
1001,15.0,19.7,32.2,38.4
23005,22.4,14.1,24.0,30.3
45031,17.2,22.9,32.6,41.9
18161,17.2,22.9,31.5,37.1
16009,17.3,21.0,26.4,36.2
17143,19.4,17.7,26.8,35.1
35043,16.2,13.9,21.8,33.2
26129,20.2,25.1,30.8,39.6
37133,17.4,19.3,28.9,40.5
37121,17.1,21.2,28.2,34.4
2198,17.8,25.6,24.8,35.6
29133,15.0,29.7,44.0,40.6
42073,19.3,22.4,28.8,39.6
29143,15.7,27.7,40.3,37.1
21235,13.7,28.1,37.1,42.7
31065,21.2,19.0,31.2,32.4
13191,16.2,21.9,33.4,41.6
12067,19.0,25.6,36.4,40.8
42013,19.8,23.3,28.5,40.5
46005,20.5,18.8,35.9,31.0
36055,17.8,17.6,28.2,38.4
24017,14.7,16.1,25.8,41.6
39069,18.7,21.6,27.2,38.9
32007,19.7,18.5,27.0,37.7
13045,16.8,22.0,31.9,41.1
20179,19.1,17.3,28.6,34.5
5119,14.0,19.6,29.6,40.3
24039,14.9,23.4,35.9,41.8
13277,15.3,22.8,35.9,41.4
22091,18.1,24.1,36.3,42.8
42131,20.1,21.5,27.4,39.7
47169,16.1,23.8,32.1,42.7
16063,15.3,18.3,31.7,35.1
53047,15.3,19.6,24.4,34.4
18131,17.1,23.5,33.3,37.3
55051,23.8,19.3,24.7,33.7
37069,16.3,20.9,29.8,38.3
21025,13.0,30.7,41.4,45.7
41005,20.3,13.9,22.3,32.8
39149,19.0,22.7,28.1,40.0
51730,13.6,22.0,35.9,46.9
29229,16.0,29.6,39.8,35.9
28011,11.9,22.4,45.7,40.4
5009,15.2,22.6,33.6,34.8
39123,19.4,21.6,30.1,39.5
17177,21.4,19.4,28.4,35.5
18067,16.3,21.9,33.5,38.2
26119,19.7,23.8,28.7,39.4
36109,18.6,15.2,24.0,32.8
6063,20.5,14.0,20.4,32.8
8063,17.3,17.7,22.2,33.0
41047,17.7,15.1,28.7,34.9
48199,19.6,20.6,30.3,37.2
21151,15.4,22.4,32.3,42.3
50005,20.1,18.6,23.4,31.2
29079,17.4,23.8,34.3,35.2
48243,18.2,15.7,30.1,34.4
47135,13.8,28.5,37.0,42.7
46041,18.2,32.1,42.4,36.6
46069,22.0,17.7,29.0,30.3
51185,17.0,23.4,31.6,40.1
39039,18.7,21.4,30.2,39.9
28085,13.8,20.5,39.3,36.4
48507,14.1,19.9,46.3,39.1
35025,15.8,16.9,33.0,34.3
48273,16.1,15.6,35.8,37.1
30041,23.0,23.6,26.4,36.4
21003,14.9,27.3,36.3,41.3
48009,20.2,18.8,26.8,35.2
54097,13.8,25.7,34.1,41.7
53001,12.2,16.7,33.3,33.3
48135,17.8,16.1,34.5,36.6
28001,13.2,22.6,46.7,40.0
28043,13.8,21.4,39.0,38.2
9001,17.0,10.9,21.9,33.1
51790,17.3,17.8,26.5,36.8
29173,18.4,23.8,34.9,36.1
37099,17.0,20.5,26.3,36.5
42009,19.8,23.9,31.0,40.4
55101,23.4,17.1,24.5,34.2
18089,17.5,20.6,33.7,40.1
21161,15.2,24.5,33.1,38.8
48297,18.1,19.8,36.3,37.3
29123,18.0,24.5,34.3,36.0
48307,17.9,19.0,33.4,37.1
38049,24.2,18.4,30.0,32.1
1011,13.2,25.2,41.3,44.7
31149,22.1,15.9,27.4,31.6
55121,24.3,17.8,24.9,33.5
19169,21.9,14.5,22.3,32.4
54041,14.6,27.0,33.4,43.4
24027,14.6,9.6,19.4,34.4
13127,16.2,20.0,31.8,37.5
5019,14.9,20.5,32.2,36.3
39113,16.6,21.8,30.2,41.5
42077,17.7,17.6,28.1,38.1
8007,18.7,14.2,19.3,29.6
29219,17.7,23.6,33.5,34.4
39143,18.7,21.7,28.9,38.5
51035,16.9,22.9,32.2,40.7
22059,20.4,26.3,36.5,37.7
12119,19.4,17.2,23.7,39.4
26077,20.0,16.9,23.9,39.4
19179,19.7,19.2,30.0,32.0
13109,14.6,24.6,40.2,41.1
17121,20.7,21.8,29.3,36.7
13253,15.6,23.4,34.8,41.6
46039,22.9,19.0,32.0,29.3
37163,14.2,22.1,33.2,37.5
51071,17.7,20.9,28.4,38.1
29101,17.5,19.7,31.0,34.8
17039,22.1,19.8,27.6,34.4
31077,22.7,17.2,27.0,32.3
8049,19.2,15.6,18.4,31.1
17165,20.6,22.4,30.4,36.1
26149,19.6,21.8,28.5,38.6
6033,17.3,16.5,26.7,35.1
17005,21.6,19.5,27.5,35.1
28073,15.2,18.3,35.0,36.6
21097,15.0,26.2,34.4,41.4
19145,22.4,19.8,29.3,32.5
22121,19.5,20.8,31.0,38.3
29007,16.6,24.8,36.8,36.9
29029,18.8,22.5,32.5,35.4
1021,15.1,23.9,35.3,38.7
40129,14.1,21.1,35.8,37.9
31103,22.1,17.9,30.4,30.7
54051,14.5,23.5,31.2,43.2
21171,14.8,28.5,38.5,43.6
28051,10.5,27.8,51.0,45.6
31035,21.2,17.3,32.8,31.2
30021,25.0,18.1,22.9,34.5
12131,19.9,20.7,26.2,39.6
12129,20.3,20.9,28.2,38.5
1113,13.5,21.7,36.3,42.7
31003,21.9,17.5,31.5,31.1
56003,16.7,18.1,27.5,35.3
55005,22.4,18.1,25.2,34.1
22049,19.6,26.0,36.8,39.8
48169,18.7,19.6,37.5,37.0
48327,17.5,17.6,33.9,35.7
32019,18.2,20.6,26.7,37.7
26159,20.1,21.7,28.2,39.6
13297,17.1,20.6,31.4,36.8
54025,13.6,24.7,31.3,44.9
38091,24.2,15.5,25.4,30.8
56033,17.4,16.8,22.6,32.9
15009,21.4,15.5,24.2,39.5
5063,15.1,22.4,32.8,34.3
48435,18.1,15.4,33.6,35.2
51540,15.7,16.8,27.4,38.0
54105,13.9,27.8,34.4,45.1
31163,21.8,17.7,29.4,31.4
36079,21.6,13.5,22.8,36.5
13231,18.7,20.6,28.3,36.9
40107,12.9,27.4,42.7,42.6
22103,19.4,19.1,25.7,39.2
38019,23.3,18.3,27.7,29.1
19017,24.6,16.2,24.6,31.5
45001,17.5,22.9,31.6,42.7
18037,17.4,19.5,29.3,36.1
47041,14.0,24.5,35.1,42.5
51680,15.7,19.2,29.2,40.0
26089,21.8,15.4,19.7,37.0
40021,13.0,23.9,36.1,41.5
47013,13.9,28.6,36.7,43.0
36089,21.0,21.3,30.1,37.7
48379,19.6,20.8,29.8,37.0
13173,16.3,23.6,35.9,39.9
26005,19.9,19.2,28.0,37.4
19051,22.6,21.3,29.7,32.8
27027,23.4,16.4,21.4,30.5
47097,12.8,28.9,39.8,46.3
48209,20.5,13.1,25.9,35.9
40075,13.2,22.4,40.2,38.9
26059,19.9,23.5,28.7,40.3
18003,17.1,19.5,28.8,35.9
37059,17.0,19.8,26.2,36.0
37197,16.4,22.3,29.2,35.2
47063,14.1,24.2,34.8,45.6
32031,18.6,15.6,21.2,35.2
27057,23.2,19.0,23.6,27.8
56005,17.3,19.6,26.6,35.6
18101,18.7,23.3,32.2,36.8
20051,19.0,16.9,27.2,35.2
30085,23.0,31.7,32.2,39.5
48115,16.3,20.3,40.0,38.7
51171,17.1,18.9,29.4,37.7
20115,18.9,17.8,26.4,33.2
21141,14.1,27.0,34.1,42.6
37129,17.9,16.9,23.0,34.4
51049,15.7,21.6,32.6,40.8
12043,18.0,24.2,36.5,39.6
38105,22.0,18.2,29.5,33.6
13307,15.7,22.8,35.4,42.1
27081,23.3,19.9,22.9,31.0
5085,15.3,21.2,30.1,34.6
40031,13.0,19.5,39.1,41.8
29049,19.0,21.1,32.1,33.9
25011,21.3,16.3,26.8,33.7
20085,18.7,19.1,32.8,35.3
45089,15.2,24.5,35.9,41.9
28115,14.2,21.2,38.5,36.3
17151,21.5,21.8,29.1,35.6
48105,17.7,15.5,34.1,35.9
19081,22.1,17.8,26.6,32.2
5127,14.4,25.4,38.5,36.7
21205,14.4,27.3,36.2,42.6
13035,16.1,25.0,35.8,41.3
24009,18.8,15.7,22.1,35.1
31185,21.0,15.8,27.3,28.2
55111,24.3,17.4,23.3,34.8
20021,18.3,21.4,30.6,33.7
5149,13.5,23.1,38.4,34.8
36015,20.4,20.5,29.3,39.1
41017,20.9,15.3,23.5,33.9
45065,17.3,21.2,31.2,41.0
21017,15.0,24.9,35.1,41.7
48401,18.9,20.3,31.1,38.4
53039,16.3,16.7,22.0,29.9
39007,17.5,27.0,35.2,43.2
47009,15.3,22.5,28.6,39.8
37049,16.8,19.2,27.5,39.0
47127,15.2,22.7,30.4,41.2
26025,19.2,21.0,29.0,39.5
22029,17.7,26.9,38.3,42.0
48481,16.3,18.0,35.4,37.7
48051,18.8,19.0,30.8,37.1
1085,11.6,25.6,42.8,46.4
53065,15.9,18.7,21.9,35.9
41039,19.1,15.9,24.6,32.6
27155,22.8,19.7,21.7,30.4
29186,18.7,22.4,32.2,33.8
18171,17.5,20.9,30.2,36.0
28081,14.7,20.0,37.5,37.4
18025,16.8,26.9,36.3,38.9
38061,23.0,20.8,31.5,35.1
19105,23.3,19.3,27.6,31.2
13063,12.8,19.8,38.2,44.5
1049,14.1,25.0,40.5,38.8
20171,17.5,16.9,30.6,32.8
19193,21.9,18.3,30.4,31.9
55081,22.9,18.5,26.1,33.4
21107,13.9,25.6,37.1,43.2
8087,16.8,16.7,24.7,31.5
30031,22.4,12.4,15.7,28.4
38041,21.9,20.7,31.5,32.1
37091,14.2,23.5,33.7,42.3
30105,22.8,19.6,24.6,31.9
30095,25.5,17.1,23.1,31.5
37063,14.6,15.2,26.7,36.7
51139,17.0,23.3,32.4,38.5
27091,22.0,20.4,22.7,31.2
30007,23.5,18.4,20.8,31.5
27145,25.6,17.8,23.5,31.0
8113,18.1,11.8,15.5,28.2
39079,16.8,26.4,33.9,43.1
56043,18.0,17.6,25.9,32.4
31141,21.2,14.9,28.5,31.6
28149,13.2,20.6,40.2,40.6
12001,16.5,16.1,24.8,36.0
40085,13.3,21.7,39.6,39.5
16029,17.7,18.6,25.0,34.1
27105,19.9,18.0,30.0,32.0
47177,14.1,26.1,35.6,42.4
46079,22.0,17.2,28.6,29.9
39049,18.6,20.3,28.0,40.6
51011,17.6,20.3,29.7,39.7
29093,17.0,27.1,37.3,35.5
37155,13.6,28.7,36.2,41.3
50027,18.8,16.1,20.0,32.4
13101,16.0,22.0,38.2,38.8
35015,16.0,16.1,28.1,34.0
40011,13.6,22.0,37.5,37.3
1075,15.3,25.0,37.1,38.8
37029,17.7,20.7,25.9,36.2
29071,18.4,21.7,30.4,38.0
26069,20.3,23.6,28.8,39.5
31099,23.3,16.4,28.5,30.9
48017,18.1,15.6,33.2,36.2
46089,21.6,20.3,33.7,30.6
25023,21.5,16.1,24.8,36.9
30051,22.8,24.2,29.4,33.4
28163,13.1,23.3,47.3,41.9
1051,15.5,20.4,33.1,38.8
26047,22.0,17.6,21.4,37.8
51101,18.0,18.5,27.5,38.1
36119,17.4,10.7,24.9,36.7
17113,20.7,15.9,24.3,33.3
53009,16.7,16.6,21.2,34.9
8025,17.6,20.7,28.5,35.7
48263,20.3,17.0,27.5,34.9
13005,15.8,25.2,37.9,40.0
30061,22.2,22.0,25.7,35.3
1105,11.3,25.4,43.4,45.0
21125,13.9,27.0,37.1,40.6
28017,13.1,24.0,44.1,40.1
18055,17.4,23.1,33.4,37.4
26113,20.1,22.9,27.8,40.3
1029,15.8,23.8,33.6,38.2
31111,21.1,18.5,28.8,31.6
48161,18.3,20.8,32.6,38.5
45025,16.7,23.8,36.7,40.2
51520,15.9,22.3,32.1,40.0
54075,14.3,26.7,33.5,42.7
16039,16.7,18.4,28.8,36.2
28059,16.3,18.9,34.6,38.9
48425,18.5,18.7,30.0,36.3
50017,19.7,17.0,22.1,33.5
37191,15.1,21.1,31.2,38.5
38099,21.8,18.3,32.8,34.2
5147,13.7,25.3,37.0,37.9
48351,18.5,25.3,34.7,39.8
32029,20.2,16.3,21.6,35.5
56025,17.8,19.3,26.0,33.7
31013,21.6,18.4,30.8,32.2
26135,20.6,25.0,29.3,40.2
55137,23.4,20.0,26.7,34.5
48289,18.0,21.8,33.4,37.4
18045,17.0,22.5,32.7,36.9
45047,16.4,20.1,33.1,37.9
18177,15.8,24.8,32.7,38.6
54109,13.0,29.7,38.4,44.3
42051,18.8,24.2,31.7,40.6
48465,16.4,17.0,39.3,37.7
12105,17.0,18.4,32.8,40.2
13239,14.4,26.6,40.2,43.5
36087,16.6,13.4,26.0,39.3
55029,24.7,15.5,21.4,31.9
4027,15.6,15.1,29.7,33.8
48371,17.9,17.1,36.4,36.9
37035,15.5,20.4,28.2,37.6
47147,14.8,21.5,31.0,40.9
27033,21.3,19.3,25.2,31.5
47033,13.2,24.8,36.2,43.3
36065,21.1,19.6,29.1,41.3
26067,20.3,21.5,27.4,38.3
41019,18.3,20.0,27.9,36.5
16073,15.7,18.7,31.9,35.8
27019,23.7,12.9,17.9,26.7
17049,23.0,19.0,25.8,34.1
19099,23.0,18.6,27.6,32.2
29057,16.7,26.3,37.2,36.2
42061,20.1,23.1,28.1,40.7
20059,18.9,18.8,27.6,35.9
18011,19.0,15.7,24.5,33.2
18109,17.2,21.1,31.8,39.1
19027,23.4,18.2,26.8,30.2
5029,15.3,23.2,32.4,35.2
12051,16.5,21.5,41.8,41.5
48319,19.3,16.3,28.5,35.3
56013,17.9,19.8,26.5,32.7
35059,16.9,18.7,30.0,32.7
26165,20.1,23.4,27.9,38.8
26097,20.2,22.7,27.4,41.4
40109,13.6,16.5,33.8,38.8
29187,18.0,25.7,36.5,36.4
28109,16.1,22.1,38.9,36.4
48079,15.9,20.6,41.0,38.5
55083,24.3,18.9,24.5,33.2
47121,14.8,26.2,34.4,42.2
36009,20.1,22.0,30.8,37.3
51163,17.4,20.3,28.0,39.1
20093,16.1,19.2,37.7,34.7
12077,19.9,25.6,33.8,38.5
23029,19.3,23.1,35.2,37.6
38005,19.5,28.9,39.0,40.9
47077,13.6,27.3,34.5,42.3
39167,19.0,23.5,31.3,41.5
6021,18.1,15.2,28.2,34.5
28123,12.4,24.2,46.9,40.9
21133,13.2,31.7,41.2,47.1
22039,17.8,28.2,39.4,40.4
54103,14.6,27.2,32.8,42.2
20123,18.2,19.0,28.7,33.1
48445,16.5,19.9,39.7,38.4
48097,19.3,18.2,28.6,35.9
45081,16.6,21.1,34.0,37.3
13315,16.8,25.1,38.2,41.9
13149,17.5,24.2,33.4,38.6
5093,13.6,25.4,39.3,40.6
48361,18.8,21.4,30.4,38.5
29125,17.6,24.4,34.5,36.3
46119,22.5,17.2,29.4,29.2
37065,13.9,24.6,36.1,42.5
19057,21.4,20.0,27.5,34.7
48337,19.3,20.9,30.8,36.5
20029,18.2,19.0,31.4,36.7
16017,18.8,18.5,24.8,31.4
55103,22.9,19.5,27.3,33.5
35009,15.6,17.4,29.9,31.9
48381,19.5,14.8,25.7,33.3
17087,22.0,21.1,28.8,35.8
19129,22.7,18.1,25.8,32.9
37005,15.9,23.7,32.2,36.4
27131,22.8,17.3,21.4,29.4
51077,16.6,23.8,33.5,39.7
40077,13.2,24.0,37.9,40.2
46085,19.8,24.3,35.2,33.6
21189,14.0,30.6,40.0,44.4
29063,19.8,24.1,34.6,36.8
6007,17.9,14.6,23.3,35.5
1041,14.6,24.0,35.6,38.6
22069,17.8,24.3,36.7,42.0
26033,20.5,24.3,28.9,40.1
39013,17.7,25.8,33.8,40.3
48059,19.5,19.1,28.0,36.3
27011,23.3,21.0,24.2,31.6
31101,21.6,17.7,28.6,31.2
13071,15.6,23.3,39.4,39.8
19163,21.9,18.0,24.9,34.7
37001,15.5,19.4,30.0,38.2
48489,15.6,19.7,45.3,38.9
28157,11.8,26.8,49.6,44.1
1093,15.7,24.3,34.2,38.4
30023,24.7,21.9,25.7,34.2
20163,18.8,18.9,29.5,33.3
2275,18.4,21.4,22.3,34.5
46025,21.3,18.8,31.8,31.0
17023,22.0,20.2,27.1,34.5
27067,21.5,17.9,22.5,30.0
29179,17.1,26.3,35.8,36.4
21041,14.4,27.9,38.3,43.3
8079,18.9,13.4,16.5,29.4
18147,17.7,22.2,30.8,39.0
31175,23.3,16.6,28.0,32.3
27169,24.0,18.2,20.9,29.9
19185,22.0,22.1,32.0,34.6
55075,23.2,20.4,25.5,33.9
13061,12.7,28.1,43.3,46.6
22005,21.1,19.1,29.7,36.9
48225,17.0,23.8,36.4,39.2
51650,15.2,19.1,30.3,41.7
12011,18.5,14.9,28.2,41.3
37083,13.7,26.2,36.3,42.3
5083,14.5,23.8,35.2,37.4
29171,17.5,23.3,34.7,35.3
54045,13.3,28.7,38.8,46.4
47185,13.8,26.4,34.0,41.2
48415,18.1,18.8,33.8,37.0
6085,16.3,8.7,20.4,31.5
40055,14.1,22.3,40.1,39.8
38069,23.4,19.8,30.4,32.3
30087,21.0,23.0,25.0,37.2
8089,15.3,17.3,28.8,34.3
33019,17.1,19.4,23.9,32.0
13125,17.1,24.7,33.7,38.7
42115,19.4,22.4,28.0,40.5
35037,15.8,17.4,31.3,34.7
29023,16.0,26.6,38.8,38.3
1115,17.3,23.1,31.8,37.4
53073,16.9,15.5,19.1,29.2
10001,16.4,18.9,31.0,39.3
27097,25.4,19.4,23.1,30.3
37147,15.3,19.2,29.7,38.1
2122,18.4,19.9,22.0,34.4
36095,20.9,19.3,28.3,35.4
51067,17.2,20.8,30.1,38.4
46055,22.1,21.0,34.8,31.6
48021,18.9,16.8,32.1,36.7
21215,16.6,22.1,30.0,40.4
8033,18.3,17.5,19.3,32.4
26003,20.9,22.4,27.2,39.5
36039,20.8,19.8,30.0,40.2
1059,14.9,22.8,37.2,38.8
51019,18.1,17.7,26.7,35.9
47057,14.4,26.6,34.7,41.2
38035,22.5,15.9,26.7,31.5
40095,12.4,21.9,39.5,39.0
41029,18.5,17.8,24.3,33.4
6061,19.0,11.0,17.6,31.2
29013,17.5,23.7,33.3,36.2
51820,15.6,19.9,31.9,38.2
41059,18.1,17.9,32.0,35.8
28029,12.9,21.8,41.2,40.5
13179,15.9,21.6,34.6,43.3
20073,18.1,20.1,30.9,34.4
48187,18.4,14.6,28.1,36.6
37113,16.7,20.2,28.0,33.5
13215,15.2,20.7,33.3,44.3
5107,11.3,25.8,41.1,40.1
28129,14.6,22.3,41.5,36.2
26143,20.1,22.9,28.9,40.2
18119,16.1,24.4,34.6,37.2
31021,21.9,18.4,30.0,31.3
49035,13.0,9.3,20.5,32.4
45017,17.5,20.0,30.8,39.3
31121,22.2,17.0,28.8,32.4
38075,23.9,17.3,28.1,32.8
19001,22.3,19.5,27.8,32.7
39125,18.2,23.2,30.4,40.0
55057,23.6,20.7,29.3,33.7
35029,13.6,19.3,34.6,33.9
5137,15.1,25.4,34.4,36.1
28099,13.1,25.8,42.1,38.9
39095,17.9,23.5,31.6,41.7
16081,18.4,13.3,19.7,31.0
27119,24.5,19.4,21.3,33.2
54009,14.8,23.7,30.6,42.1
13115,16.1,22.0,32.4,39.4
37043,17.2,21.1,27.4,35.8
49011,10.6,8.0,19.6,31.6
21095,12.9,32.1,43.0,46.9
21233,14.7,28.3,40.1,45.4
51155,17.8,20.8,29.6,39.7
30069,24.0,17.4,21.8,31.8
12003,20.7,24.1,32.9,43.2
47083,14.3,26.9,35.4,42.5
12113,19.1,19.4,26.2,39.4
42031,19.6,23.3,29.1,39.2
48255,18.0,17.5,35.3,37.4
28035,14.4,19.6,37.5,37.8
47047,14.7,21.4,31.1,41.9
41057,20.0,17.4,26.2,35.1
17057,21.8,20.4,28.4,36.1
27041,25.0,18.4,21.1,28.6
6051,19.7,12.9,22.4,32.0
17103,21.6,19.2,27.4,34.9
8017,18.4,17.2,20.7,31.9
51125,17.3,19.5,28.8,37.6
31057,20.3,18.6,32.7,32.4
13199,15.7,25.0,37.5,43.1
22047,18.7,24.1,37.4,42.4
19091,21.5,18.9,28.3,33.0
36061,21.5,11.4,22.1,37.5
36073,19.6,21.4,31.3,39.8
39159,18.8,19.1,26.2,37.6
4019,16.8,14.3,23.4,34.9
6105,19.2,17.4,24.6,34.5
36001,19.9,15.2,24.2,38.6
51610,17.7,8.8,17.4,31.1
37177,15.1,24.9,35.0,42.3
5021,15.0,25.0,35.3,35.6
13259,15.5,24.4,43.3,44.0
22077,19.0,24.6,36.3,40.4
20099,18.0,21.5,33.3,36.5
42095,20.0,18.0,26.1,40.5
27139,23.0,13.7,18.7,29.5
21055,15.3,26.4,36.1,42.8
12059,18.2,26.8,36.2,41.6
16047,16.4,17.4,29.7,33.7
42021,19.7,21.9,27.7,41.3
31047,19.3,16.0,36.4,30.0
48035,18.5,19.2,31.0,36.0
38089,22.0,18.9,29.5,32.6
37141,17.3,19.0,26.8,36.3
48065,20.6,17.0,25.5,34.1
19035,22.8,17.9,26.2,32.7
2180,17.2,30.8,28.8,37.9
55091,24.2,18.7,24.4,32.2
29199,16.9,26.1,37.2,36.9
12069,17.7,19.3,29.0,40.2
45039,15.9,22.3,35.9,40.3
20157,18.4,18.0,28.6,33.6
49001,10.6,11.6,23.1,33.6
23013,19.9,17.7,28.1,32.0
26105,20.3,20.5,26.0,38.2
39061,20.0,20.0,27.6,36.9
21117,17.2,21.2,28.7,38.9
19065,22.5,19.4,28.8,33.2
38055,21.8,18.7,28.9,33.1
20035,18.3,19.6,33.7,36.2
13189,15.2,24.7,36.1,41.6
17015,22.5,19.1,26.7,34.0
47161,14.8,23.2,31.6,42.0
20187,16.8,16.8,35.2,33.8
18139,17.1,24.0,34.4,38.1
53023,16.9,15.7,21.7,33.9
5073,13.1,26.0,38.6,39.0
36031,22.3,18.3,27.7,35.6
39031,18.6,27.3,33.5,39.5
22113,19.9,24.3,34.0,36.7
13021,14.8,22.5,34.9,43.7
17185,21.9,19.5,27.0,34.6
46013,21.5,16.7,29.3,31.5
47019,13.6,27.1,33.9,42.3
37077,15.9,20.6,29.2,37.5
55043,24.3,18.8,24.6,33.4
27127,23.3,19.8,23.6,29.3
8071,15.6,15.8,25.0,32.8
48191,16.1,20.7,38.1,39.2
51027,15.8,28.4,37.0,42.2
42075,18.8,21.4,28.2,38.2
51085,19.3,15.6,22.6,35.2
24047,18.6,17.1,24.5,33.7
1123,14.7,23.6,36.6,40.0
17079,21.8,20.7,27.5,35.1
37013,15.2,21.3,29.3,39.1
19177,22.2,21.3,29.5,34.0
17195,22.2,18.6,27.0,34.0
40119,13.1,19.0,35.3,36.5
18075,16.6,24.8,34.4,37.4
6071,16.2,13.2,29.6,37.5
28093,14.0,21.1,42.7,37.5
47111,14.0,26.0,38.1,42.4
8097,19.0,11.0,14.5,27.6
20137,19.5,19.2,30.6,34.7
19155,21.2,20.9,30.9,34.5
36117,20.7,19.2,27.8,39.6
48001,19.5,21.5,33.5,38.0
35003,17.4,19.6,26.9,31.7
21159,14.9,27.9,38.6,45.9
54089,13.1,25.7,35.5,46.1
48015,18.7,16.4,29.8,35.7
13135,16.5,14.9,29.4,39.0
22013,17.3,26.9,39.4,43.0
5043,13.9,21.5,33.6,37.3
30049,22.7,16.2,17.5,30.5
46127,21.7,15.8,27.2,28.7
18155,16.3,26.1,36.2,39.4
46021,22.2,16.6,27.9,28.7
53053,17.4,16.7,20.2,36.1
27161,23.4,19.4,23.0,30.6
48499,19.4,20.1,30.0,37.0
13019,15.9,26.3,37.7,39.7
29087,18.2,22.8,32.5,35.8
40013,13.7,22.4,35.1,39.4
2220,18.8,17.2,20.1,31.0
27075,23.1,18.1,20.7,29.6
5045,15.1,20.0,32.5,35.7
17131,22.6,19.4,26.4,34.2
38025,23.0,17.7,30.6,33.0
21011,14.6,28.0,37.4,43.9
50007,20.3,12.9,17.4,29.5
41069,19.7,20.1,29.2,36.0
13051,16.9,18.1,29.1,38.9
27063,24.2,18.6,22.4,29.9
20201,18.7,18.7,28.8,33.0
49045,10.8,10.6,23.1,36.9
42085,19.1,22.0,27.3,38.8
48233,19.0,19.4,31.3,37.1
28065,12.3,22.6,44.4,43.8
5011,13.3,22.6,37.3,38.0
39121,19.5,26.7,33.4,41.7
48455,18.7,23.1,33.1,38.2
6115,17.8,14.8,25.3,35.4
28009,14.2,23.7,42.0,41.0
37107,14.2,24.1,34.4,40.5
13085,18.7,18.2,26.3,35.7
24019,15.5,19.7,30.4,38.6
49055,10.9,11.4,21.9,32.6
53025,14.2,17.3,28.9,32.3
1003,19.0,19.9,27.6,36.4
30005,21.3,27.5,28.2,37.0
21223,15.1,25.9,35.7,42.3
31087,22.2,17.9,30.5,32.5
26023,19.8,23.1,29.7,39.3
8041,16.3,14.2,19.7,31.3
19121,23.7,17.6,26.6,31.3
46063,22.2,17.3,30.2,29.8
40047,13.8,19.0,34.4,37.7
29077,17.8,20.1,30.2,33.3
13245,16.4,21.5,36.2,43.3
13285,16.5,22.7,35.5,39.5
9009,16.3,15.0,24.8,37.7
2090,17.5,17.6,22.2,32.8
48391,17.5,17.2,34.6,37.3
40149,14.2,19.2,35.5,36.9
31085,21.3,17.7,31.4,31.6
6041,19.2,9.5,17.3,28.6
48127,14.4,19.7,44.6,38.0
53059,17.2,17.1,21.9,34.2
51135,15.3,22.7,36.3,42.8
37171,15.8,22.9,29.4,36.9
29163,17.9,25.0,37.2,35.1
48479,15.5,16.8,38.9,38.4
36071,17.9,15.4,30.2,39.6
53003,16.7,18.8,21.0,33.3
8125,17.1,16.9,23.2,33.0
30107,22.5,22.0,27.0,33.1
21163,15.6,23.1,32.0,40.9
30013,24.2,19.5,21.8,35.9
51590,13.7,23.1,36.2,43.6
38043,22.7,19.7,35.3,34.0
55099,23.3,20.3,25.8,33.6
8095,17.1,16.7,22.2,30.7
54039,14.8,24.1,30.2,41.2
24029,17.0,17.0,25.4,33.5
6095,19.0,11.9,24.7,35.5
13133,16.2,20.7,33.2,39.8
1013,13.2,24.6,40.7,42.0
20065,18.0,18.3,30.5,34.4
8009,17.0,19.5,24.2,32.8
1121,13.5,25.0,36.0,41.7
12121,19.6,23.1,31.8,41.4
5013,15.0,23.3,34.4,37.4
13255,15.7,22.3,35.7,41.9
20109,18.3,18.9,29.9,34.0
13107,15.7,24.8,35.7,42.7
51191,17.0,20.4,30.2,38.5
40147,14.4,18.6,34.1,37.7
17167,22.3,17.5,26.1,35.2
47091,14.3,29.4,36.1,41.9
8051,18.6,13.6,17.1,29.5
13289,15.8,24.9,37.5,43.5
31075,21.8,17.5,28.6,31.1
48103,18.0,15.4,34.0,36.1
28075,14.3,21.8,39.8,39.4
17133,24.1,15.3,21.2,32.2
15001,20.9,17.6,24.9,41.6
19009,23.0,19.5,28.7,33.6
48247,15.5,18.0,42.4,37.2
20075,16.6,17.4,34.4,34.5
2185,19.1,24.1,23.7,34.4
26151,20.1,22.5,29.1,40.7
6031,18.5,14.3,30.6,36.3
24015,17.9,19.4,26.7,39.0
46007,16.9,29.9,42.0,33.5
40067,13.1,23.6,41.2,39.4
22081,17.8,26.0,38.3,41.3
18129,18.1,20.5,28.8,37.2
39151,18.7,22.9,28.0,40.1
19043,22.3,20.6,30.0,34.3
27049,24.0,18.5,20.6,31.1
12123,18.4,27.6,34.6,41.5
39009,18.1,25.0,31.6,40.8
28139,13.7,22.9,42.2,36.7
37051,15.4,19.5,30.5,42.0
31109,22.8,14.4,21.8,32.6
39101,18.1,27.8,33.9,42.1
48429,18.6,20.1,33.3,38.4
6069,18.4,11.7,25.4,32.0
12093,17.9,23.5,39.6,41.1
26161,18.4,14.0,19.5,36.6
13299,15.2,24.8,37.5,40.3
41049,17.8,18.5,33.3,35.2
42105,19.1,24.5,30.1,40.6
42127,19.9,21.1,27.8,40.3
55015,24.8,15.5,21.9,31.2
48237,19.6,22.2,33.4,37.1
4012,15.8,19.5,31.5,39.1
39081,18.8,26.4,33.9,40.9
21149,15.6,24.9,33.4,41.1
31165,21.4,16.3,29.3,30.2
47137,14.3,27.7,36.0,41.6
48197,18.1,20.4,33.1,37.5
49027,10.7,12.3,24.6,33.7
48275,17.3,19.1,34.7,36.6
33009,17.8,16.3,23.2,32.2
51179,16.7,13.4,24.1,36.3
18035,17.8,22.5,31.6,38.3
36081,15.2,12.4,32.2,40.1
46043,22.5,18.4,30.6,29.8
39037,18.3,24.1,31.0,40.4
48501,17.4,17.5,36.0,36.0
38021,22.6,16.7,25.4,32.8
30077,26.1,20.2,24.0,35.2
21109,13.8,30.5,39.1,43.2
31153,19.8,13.2,24.9,31.2
19019,23.1,18.2,27.2,32.3
54091,15.0,25.6,33.0,41.6
21129,13.3,35.5,46.2,44.4
22101,18.5,24.3,37.7,40.1
26087,20.9,21.3,26.8,38.1
47027,14.1,28.4,38.9,43.3
48301,20.7,19.8,28.2,36.5
48133,18.6,20.8,32.4,36.9
12031,17.4,19.0,30.1,40.2
48365,18.9,21.4,31.3,37.6
42041,20.5,17.5,24.1,36.5
46097,21.7,18.4,30.9,30.2
27147,23.7,17.9,21.5,31.4
37021,17.4,17.1,22.9,31.0
31139,23.5,16.2,24.8,32.0
20045,18.8,15.1,24.7,32.5
20139,19.0,19.7,31.0,34.1
25013,18.3,17.9,31.6,36.3
20013,17.2,19.7,31.1,34.0
18099,16.9,21.9,34.2,37.6
21197,14.6,27.3,36.9,42.2
48157,15.5,11.7,25.6,35.4
47001,13.7,23.1,31.5,41.7
48421,18.6,17.0,32.0,35.5
19073,23.0,19.7,27.8,32.6
27059,24.2,19.1,22.2,31.2
48075,19.0,19.4,33.4,37.8
49057,11.1,10.4,23.7,31.8
42011,18.4,19.3,28.3,36.3
21057,14.4,28.1,37.3,43.5
18163,18.5,21.9,33.3,36.7
21099,14.4,28.7,38.7,44.2
20129,17.6,18.2,32.6,34.3
48037,18.3,20.7,30.6,38.9
29073,18.3,22.0,31.0,34.0
48147,19.7,20.2,29.2,36.8
27083,21.4,19.1,23.1,32.1
29197,17.4,25.2,35.5,36.1
42067,19.0,24.1,30.6,39.7
26049,18.0,22.9,30.1,41.0
8115,16.7,18.9,24.0,32.3
8031,21.8,13.2,19.2,30.3
22021,19.1,26.9,36.7,39.1
19147,22.8,17.2,25.0,32.6
12061,18.7,18.1,27.2,36.9
29175,17.2,24.6,35.8,36.9
22123,19.7,25.7,37.4,40.6
1057,15.0,24.5,35.4,39.8
31045,21.2,15.4,25.1,31.1
40005,13.3,24.8,39.8,40.3
1077,16.0,20.5,30.1,38.5
25001,21.7,14.6,23.9,32.7
17007,20.9,16.8,27.9,33.7
40033,13.6,22.8,37.3,38.5
5099,14.1,23.0,34.5,38.7
54061,16.8,20.3,26.2,40.6
29039,16.8,25.8,36.0,36.2
32009,17.7,20.9,29.9,39.9
19063,22.3,18.3,28.8,33.7
16021,17.1,19.9,26.0,33.8
31025,21.9,16.4,26.7,32.9
13011,17.8,23.8,34.6,38.9
29009,16.4,23.8,37.6,36.4
8105,15.7,15.6,25.3,31.8
2050,15.6,34.9,32.6,38.5
53033,17.3,10.0,16.4,30.3
13077,17.6,17.5,28.6,36.0
55045,24.0,17.1,22.7,33.3
6013,17.7,10.0,22.1,33.1
13043,15.6,25.6,40.3,39.9
17197,20.1,14.2,26.2,36.5
17071,23.0,19.4,26.4,34.4
51700,16.0,18.5,31.1,43.5
48167,20.9,17.1,30.1,39.1
13087,15.2,22.3,36.9,41.5
56031,18.1,19.8,28.1,32.8
35055,14.5,13.9,25.7,32.1
8061,17.4,18.6,21.5,32.5
18183,17.5,20.8,29.1,33.9
1043,16.4,23.4,33.6,36.5
30043,23.5,15.9,18.7,31.0
40039,13.2,19.0,37.8,37.7
27113,24.4,18.8,23.3,29.7
5053,15.8,21.3,30.4,34.1
38085,17.5,34.0,43.4,41.2
5109,15.1,22.8,33.9,35.5
53067,15.8,13.8,17.8,31.4
19053,21.4,20.2,29.8,33.4
40003,15.4,19.4,33.5,37.0
51147,16.2,20.9,30.9,41.3
46105,20.9,18.6,30.8,29.8
18065,17.7,23.9,32.7,38.4
48011,20.5,17.9,26.0,34.0
46071,17.8,30.1,42.9,37.0
1067,15.3,22.5,34.9,39.7
26015,20.6,18.8,24.7,36.9
38051,20.9,19.8,31.6,31.9
36111,19.7,16.8,27.1,37.2
29155,14.7,30.0,43.5,36.2
53011,13.9,12.9,18.1,32.4
2261,20.2,17.1,20.2,31.0
28045,15.7,20.2,35.8,34.9
20057,16.7,17.5,38.3,36.2
13163,14.4,25.7,40.2,44.4
47035,13.9,24.4,32.1,40.1
47073,13.9,26.1,35.6,42.3
37097,17.0,18.8,26.1,34.3
6087,18.9,11.4,21.5,30.1
19117,22.1,20.8,28.4,34.5
48471,20.4,19.5,32.5,40.4
16031,15.2,16.0,30.3,34.6
13197,16.0,23.4,35.7,40.9
51109,16.4,19.6,30.6,38.9
21079,15.8,25.6,34.1,41.3
8015,18.2,15.5,18.6,29.7
36019,20.0,20.0,27.6,39.4
30009,25.3,16.9,19.3,33.0
6023,19.1,15.4,21.5,32.3
12085,21.0,17.0,25.6,35.7
27103,23.3,17.1,19.8,29.8
48211,19.4,16.2,29.4,35.9
1131,11.4,27.5,44.1,44.1
48295,19.1,17.3,30.7,36.2
37061,14.2,22.8,35.3,38.9
17061,22.6,21.8,28.3,35.4
47011,13.1,21.9,32.5,38.9
47099,13.9,26.0,35.3,41.1
37157,16.0,22.9,30.3,36.3
55085,23.7,16.7,22.8,30.6
48085,17.6,12.4,22.5,35.0
19181,23.4,16.5,22.5,30.4
19127,20.5,17.6,31.4,33.1
48281,19.4,17.9,28.9,36.0
29145,17.7,22.1,32.9,36.3
45033,14.5,26.1,38.9,43.0
51013,18.0,8.7,18.3,30.9
13099,14.2,25.8,38.8,43.6
51001,15.5,21.4,33.8,40.6
56037,16.9,17.0,25.2,35.4
55037,24.4,18.8,23.8,33.1
4003,16.7,17.6,27.2,34.5
12019,19.1,19.7,28.1,41.0
23003,17.0,22.3,35.6,36.8
51107,16.7,9.9,20.6,34.6
37123,15.7,21.3,31.2,37.6
36121,21.2,19.9,27.7,38.4
26131,20.4,23.2,28.1,38.8
17141,22.1,18.1,26.2,35.6
31067,21.8,18.6,31.3,31.5
28113,12.3,23.6,44.4,40.6
39051,18.4,21.1,30.1,39.3
35045,15.3,22.3,28.1,33.3
30053,22.7,20.1,24.6,34.8
16065,12.5,16.3,25.5,34.6
40139,12.6,17.6,40.6,37.4
48173,17.8,17.9,33.2,35.5
13275,15.4,21.4,33.9,40.8
19083,23.2,19.3,28.2,30.2
20003,18.6,21.2,31.2,34.3
40097,13.6,24.8,38.0,39.6
22093,18.7,22.8,35.0,41.5
13151,15.1,16.7,29.4,44.2
36017,21.7,21.2,29.1,40.8
40101,13.0,23.3,38.5,39.4
13217,16.4,20.5,34.0,41.9
24037,18.2,16.6,24.1,39.1
31005,20.4,17.8,30.6,30.3
21173,14.0,26.0,34.4,43.5
21069,15.5,27.7,37.2,44.1
45023,17.0,23.1,33.8,41.7
41011,18.9,20.4,27.8,34.2
18121,16.6,24.1,34.9,37.7
54073,15.3,25.4,31.8,44.4
55007,23.9,17.8,22.7,32.1
45059,16.5,23.3,32.9,39.9
17175,21.5,21.0,28.7,35.4
24005,15.4,15.6,25.3,37.8
41007,20.1,17.6,26.0,34.0
28013,14.2,22.6,42.9,38.5
48049,18.8,18.2,30.3,36.0
45057,17.4,18.2,28.7,37.3
44005,21.1,13.0,19.9,33.4
16001,19.7,13.2,21.1,33.4
22031,18.4,24.8,35.9,39.3
47129,14.3,28.5,37.2,44.5
26101,20.5,21.2,26.4,38.8
48437,16.8,20.3,38.1,38.1
30073,22.0,20.4,23.9,33.6
27157,25.4,18.5,22.3,29.8
41041,19.8,18.5,26.5,35.2
39139,17.2,25.3,33.1,40.0
26121,18.8,23.1,30.3,40.8
18027,16.3,24.7,35.7,38.0
13141,14.4,27.2,42.1,45.9
54083,14.4,26.3,33.4,43.7
31173,20.0,28.3,35.4,33.6
37041,15.6,21.4,30.0,37.7
19107,22.3,20.8,29.0,32.0
12009,19.7,18.0,26.7,40.7
29181,16.0,29.3,41.0,38.2
20173,15.9,17.1,28.6,34.8
48493,19.3,15.1,29.4,35.9
21039,14.9,26.7,36.1,43.1
48261,14.5,25.2,49.5,38.2
8081,17.4,18.7,23.5,32.0
6077,17.8,13.9,27.5,36.6
21227,14.1,21.8,31.2,39.7
28003,14.6,22.0,40.0,35.5
27093,24.2,18.8,22.2,29.2
42003,21.2,18.1,23.7,38.2
27073,23.2,19.2,23.3,29.2
37093,15.1,21.4,32.0,38.6
13269,14.9,27.1,39.0,42.2
55115,23.7,20.8,24.7,33.5
29221,17.4,27.1,37.4,37.8
18091,17.2,24.8,33.6,39.0
42113,19.9,23.6,28.6,39.5
16055,17.8,17.4,22.9,34.9
18001,17.7,24.2,35.9,36.4
21193,13.2,29.4,38.6,42.2
47141,14.2,23.0,33.2,40.9
26007,21.3,22.2,27.2,39.7
29117,16.4,23.4,35.2,37.1
37187,14.5,24.2,34.1,40.6
19171,21.5,18.8,29.8,34.0
40053,14.8,18.5,32.3,36.1
51041,15.9,14.6,26.6,36.5
22061,17.5,21.1,31.9,39.4
39145,16.7,29.3,35.3,45.1
32033,19.7,20.4,27.3,38.3
47175,14.1,28.8,36.9,42.3
39115,17.7,28.8,34.6,43.1
26079,20.2,24.3,28.9,40.4
36047,17.6,14.0,29.7,41.4
33017,18.1,16.5,23.3,35.1
26057,20.0,22.1,27.9,42.2
56007,17.0,18.3,27.6,36.7
51775,17.2,18.0,26.3,37.7
53075,16.7,14.4,20.3,29.5
10003,19.0,15.4,26.8,36.6
46033,20.0,18.0,31.1,30.1
17111,20.5,15.0,24.6,33.6
20121,18.9,16.6,27.9,31.5
49049,6.8,6.5,18.5,30.9
29103,17.0,24.9,35.4,34.3
21049,14.9,23.7,32.0,42.2
37127,14.7,21.1,30.0,38.5
48325,18.7,15.7,32.0,35.5
35017,15.2,14.6,27.2,33.5
5091,14.1,22.2,34.2,37.5
17041,21.3,20.7,29.8,34.5
51159,16.6,21.3,34.0,42.2
51043,18.1,16.7,25.3,34.9
27029,22.7,23.2,26.8,32.3
45087,16.5,24.1,34.4,40.5
27123,18.8,15.3,19.1,30.8
53041,15.0,18.6,21.9,32.7
22017,16.9,22.7,34.9,41.3
48109,15.0,20.4,44.1,39.2
21143,16.2,24.4,33.8,41.5
21237,13.8,34.0,43.1,45.7
48373,18.0,22.6,35.3,38.3
37161,15.4,23.1,29.9,35.7
25021,22.9,12.2,25.9,35.0
36057,19.2,21.0,31.6,39.5
18057,17.2,12.5,20.8,33.1
20185,17.7,18.1,31.4,34.3
13033,15.2,23.7,36.2,43.6
48339,17.7,14.8,27.7,34.7
29031,17.8,20.9,29.3,35.3
1019,15.6,24.7,36.0,37.9
29211,16.6,23.6,39.1,36.6
48343,17.7,21.3,32.3,38.6
28049,11.5,18.4,37.6,42.3
21207,14.1,26.6,37.8,43.0
6005,21.0,14.2,22.7,33.3
47163,13.7,23.1,31.5,41.0
55109,25.6,14.7,20.0,31.8
31037,18.2,16.7,37.6,32.2
29115,17.5,23.9,34.7,35.6
21027,14.8,26.9,37.5,43.3
13003,14.9,25.5,42.3,39.1
36101,19.4,21.2,28.1,35.0
48407,18.0,21.7,32.7,38.8
48217,18.8,19.1,30.9,36.3
1107,14.0,23.4,38.3,41.8
22051,21.0,18.8,30.2,37.9
48403,18.3,22.8,31.8,37.7
31131,22.1,17.7,28.4,31.4
12075,17.7,24.6,33.5,40.5
51079,17.5,18.5,27.7,38.0
48029,17.3,14.3,29.1,37.2
5117,15.0,23.2,32.8,36.6
56001,17.7,14.9,22.8,34.6
55063,24.0,16.7,21.9,29.6
16085,18.1,15.0,20.4,32.7
5061,13.5,21.7,36.8,38.1
19161,22.9,18.5,26.5,32.3
17031,22.0,14.6,25.7,36.1
32017,19.9,18.5,23.9,36.8
18173,17.3,18.0,25.8,35.5
48231,18.8,19.9,30.4,37.6
13069,15.6,24.6,37.5,39.9
22011,20.3,22.6,31.7,38.8
42049,18.4,21.5,27.2,39.4
13229,16.6,24.1,34.5,38.1
54019,13.9,28.0,36.8,45.6
20203,17.7,15.1,31.0,33.0
55027,25.1,18.1,24.7,33.3
55079,21.6,18.3,26.3,36.1
54053,14.7,25.4,35.2,43.4
19137,22.5,20.5,29.9,32.6
27167,24.3,18.0,21.0,31.1
4025,16.6,17.2,24.4,32.7
12017,19.7,23.3,29.2,42.9
29169,17.2,20.4,32.2,35.0
13171,16.4,22.0,32.1,39.9
8023,13.8,17.3,31.2,34.4
47065,16.2,19.3,27.9,39.1
29021,18.3,23.8,33.7,37.6
49043,13.9,7.3,15.6,25.6
31059,22.0,17.1,28.3,31.6
19191,24.0,16.3,24.5,30.8
27031,22.6,16.2,20.0,29.1
22095,18.5,20.7,34.7,43.7
56045,18.5,19.2,26.5,34.5
51117,15.5,21.9,34.3,40.2
21071,13.5,31.0,39.4,44.8
21179,17.2,22.5,32.0,41.0
38067,24.0,18.8,28.3,33.6
13207,16.9,20.4,29.1,39.8
27095,21.5,21.9,23.4,32.0
5027,14.1,24.4,37.0,39.0
37149,17.5,18.5,24.7,33.6
37105,15.7,19.6,30.3,37.7
6079,20.3,11.9,20.8,30.1
31011,23.7,17.1,28.9,29.3
54017,14.7,25.6,31.6,42.7
45015,17.6,19.0,28.5,37.8
12041,19.3,25.0,32.0,38.7
26123,20.0,22.4,28.6,40.0
20091,19.5,11.9,19.3,29.5
2110,18.9,15.1,16.7,33.7
16007,16.5,17.5,25.3,34.7
18113,17.1,21.6,33.0,37.1
48077,20.5,19.4,27.1,36.1
51021,18.7,20.9,28.3,38.8
23011,17.3,19.8,32.0,34.4
55093,24.0,16.4,21.6,30.7
31171,23.4,15.6,26.8,30.6
6015,18.7,17.6,27.3,35.8
28121,15.1,17.6,34.6,34.0
13305,16.7,24.2,35.8,40.2
17149,21.3,21.7,29.1,35.1
51099,17.6,15.8,24.3,36.6
20027,19.2,17.4,27.1,32.6
17183,20.1,21.7,31.1,36.4
46117,23.4,15.3,26.6,28.0
21165,14.4,28.9,36.9,43.4
13181,16.2,23.2,34.5,41.3
28047,14.5,20.8,37.2,39.4
44003,19.4,16.5,24.4,37.3
54037,14.8,19.5,25.4,38.6
47055,14.4,23.5,32.0,41.0
39075,17.9,28.9,33.5,41.1
17095,20.8,20.8,28.6,37.2
28027,11.1,24.0,47.4,44.1
39021,18.7,23.5,29.3,39.0
40131,14.6,19.3,32.7,38.4
41065,19.4,17.3,27.2,34.6
13283,15.8,26.6,38.9,41.0
36029,20.2,17.7,24.5,38.5
17085,22.1,18.2,25.0,33.3
29205,17.1,24.4,34.4,34.7
31093,23.3,16.4,28.8,31.4
13209,16.5,23.2,34.5,40.2
48181,19.4,19.0,28.3,36.0
54081,13.5,25.0,34.6,45.4
37095,16.1,24.0,34.0,38.8
35028,17.5,9.2,15.1,26.4
40083,14.1,18.3,32.1,37.6
24045,14.7,19.1,30.4,39.4
45067,14.7,24.8,38.2,41.3
39131,16.7,27.3,36.2,42.1
38097,23.8,16.5,27.1,31.2
28091,13.5,24.2,43.4,39.1
48057,17.0,17.7,35.9,37.0
21047,14.2,26.4,33.8,43.5
24031,13.2,9.0,19.4,33.8
16079,16.2,22.6,31.5,36.0
39085,18.6,20.5,26.2,38.4
48287,18.5,18.8,31.3,37.9
36123,20.0,20.0,28.2,33.1
30093,23.2,20.1,22.6,33.6
30029,22.4,17.2,19.3,30.1
53051,16.8,18.4,21.6,34.5
47089,15.2,23.3,31.5,41.0
48253,19.4,20.3,33.6,38.2
17169,21.8,20.7,28.1,35.2
21093,14.8,23.2,33.0,43.7
20165,18.6,17.8,29.7,33.9
45003,16.6,18.3,27.2,37.3
22085,20.0,25.0,33.9,40.1
15003,18.8,13.6,25.1,47.1
31181,21.1,16.6,28.9,30.8
6053,17.7,12.0,27.9,32.5
18019,15.6,20.8,33.6,37.7
49009,12.1,11.3,20.1,33.3
4001,14.5,23.9,29.4,39.6
28037,14.5,22.4,40.0,38.7
17055,21.0,22.6,29.5,36.2
19097,25.1,19.2,28.8,34.3
35057,15.5,18.6,31.3,36.0
53031,16.5,14.4,16.3,29.9
27021,22.2,22.1,23.6,30.6
42083,19.5,23.8,28.8,40.3
47153,14.5,25.2,33.9,40.1
13013,17.0,20.8,33.6,39.0
22003,21.4,24.3,34.0,39.5
17105,21.7,20.9,29.8,35.6
26065,19.9,16.5,25.8,38.5
21009,13.9,28.1,37.8,43.3
47045,13.9,24.4,35.2,41.0
51678,16.5,19.3,29.3,38.9
39165,19.3,17.0,22.6,36.4
29213,16.7,22.6,33.5,35.3
21213,14.6,24.6,34.3,43.0
20195,19.1,17.6,27.6,32.6
18009,16.7,24.8,34.3,37.7
13261,14.6,23.3,37.9,42.7
22075,20.4,21.5,31.7,37.3
28155,14.9,21.9,39.0,36.7
26037,21.9,17.8,23.5,37.6
47183,13.5,24.2,32.5,42.8
48027,18.3,16.9,29.6,38.5
26133,19.8,24.3,29.5,40.1
56015,18.2,17.2,26.6,33.3
48317,18.2,16.7,32.5,35.7
28101,14.0,22.4,40.4,39.7
18083,16.3,22.7,33.0,38.3
42121,19.4,23.2,28.3,39.7
29095,17.9,21.8,33.7,36.6
29113,18.9,23.1,31.4,35.9
51033,17.1,19.3,29.3,40.1
28111,14.2,23.8,41.7,37.8
27137,22.1,19.5,21.1,30.6
47119,14.5,20.9,30.9,39.4
51051,17.0,25.8,35.6,40.6
48151,18.6,18.0,31.3,36.1
55025,21.5,12.3,18.7,30.7
26071,20.7,22.9,27.8,39.0
40045,14.2,20.7,35.6,36.8
51169,16.2,22.7,31.4,38.4
46053,21.0,21.1,33.1,30.8
36007,19.7,18.5,27.2,39.3
26001,20.3,23.1,28.2,38.7
22037,19.9,24.5,34.4,41.7
17119,22.2,18.8,25.9,35.5
31029,21.9,15.4,28.3,29.6
37169,17.0,23.0,27.7,36.0
29139,17.4,25.3,36.0,35.2
51065,17.2,16.2,23.4,35.4
41071,20.6,16.8,25.0,33.0
45079,18.0,16.8,25.6,38.4
23031,20.5,16.9,27.1,33.9
37085,14.9,19.6,28.1,37.0
48117,16.7,17.0,37.3,36.4
47075,11.9,26.6,39.1,46.0
21135,14.0,32.0,39.3,43.2
21115,13.9,26.4,36.4,43.6
13143,17.5,23.0,32.7,38.5
20193,18.5,18.5,29.4,34.5
5125,15.5,17.1,28.2,33.9
20047,17.5,17.7,32.8,34.1
47155,13.9,24.6,32.9,41.0
38033,22.9,17.5,28.8,31.2
47139,14.5,25.0,32.6,41.6
18049,17.3,21.7,31.1,36.6
48087,17.4,19.5,33.9,36.9
35007,15.7,16.0,29.8,33.7
1027,14.8,25.6,37.1,38.9
37115,17.0,20.9,26.8,35.4
5037,14.5,24.6,34.8,37.1
37189,16.5,19.3,25.8,33.3
21019,15.0,24.9,34.4,45.7
36049,20.5,20.4,29.2,37.0
50015,20.4,16.8,23.3,32.1
36093,20.4,17.2,25.5,38.9
55135,23.9,17.8,25.0,33.6
16037,16.6,18.4,26.6,33.7
28057,15.9,21.7,36.6,37.7
51087,17.0,14.3,24.6,39.8
48487,16.7,20.9,36.8,38.8
39019,18.5,24.2,30.2,41.8
47109,13.6,27.7,36.9,42.9
30003,19.5,27.4,29.5,37.4
48349,17.2,20.3,34.2,38.2
26031,20.7,22.3,27.0,39.4
31123,21.5,16.7,32.1,31.7
55035,23.7,16.7,22.5,34.1
31133,20.8,20.3,33.1,32.6
55123,23.3,19.4,26.4,31.7
37179,16.8,17.7,24.4,34.2
1083,15.4,20.7,31.0,38.7
18165,17.3,23.7,32.9,37.6
55055,24.1,17.1,23.7,32.3
54027,14.7,26.0,33.3,42.2
42057,19.7,24.1,28.8,39.5
40019,13.5,20.9,36.4,37.8
12103,21.2,18.9,23.3,38.0
48467,19.7,20.7,30.4,36.1
55073,23.4,17.4,24.1,34.4
13237,16.2,20.8,32.6,40.2
17021,22.6,20.8,29.0,36.1
32027,19.8,20.3,27.4,38.0
27159,22.7,22.5,24.2,30.8
30059,23.7,18.7,23.1,33.2
46019,21.7,20.9,34.2,30.3
29085,17.5,26.4,36.7,36.1
5047,14.6,26.1,35.3,36.4
27039,22.9,17.0,20.5,29.2
48223,18.4,19.7,31.9,37.1
48453,19.5,12.0,21.5,31.9
28067,14.3,19.7,38.1,38.3
2070,16.9,30.7,27.7,37.7
36059,20.5,12.1,23.7,39.2
5035,12.9,23.9,37.8,40.1
12049,16.9,22.5,41.3,39.9
6103,18.2,16.6,28.5,33.9
38003,23.2,17.9,28.2,32.4
49023,10.7,12.7,23.3,34.3
27009,23.6,18.9,23.0,32.2
4017,14.0,20.7,28.4,36.8
8001,16.9,15.0,26.1,33.1
51620,14.2,21.7,35.1,42.6
24021,16.0,12.3,23.4,33.0
19007,21.3,21.2,32.0,32.7
1005,13.7,27.8,41.6,40.9
40145,14.2,19.2,33.7,37.2
35035,16.4,18.1,30.4,34.7
21187,14.8,27.6,37.2,43.8
20101,18.2,17.8,30.3,34.1
26021,18.3,20.0,25.3,41.9
8043,17.7,18.6,23.4,34.8
48359,19.6,17.9,28.5,35.5
48047,14.6,19.0,44.2,37.9
48477,18.4,17.8,29.9,37.2
17077,20.0,19.9,29.3,37.0
12083,19.0,21.4,29.5,40.1
41001,20.5,17.7,25.7,34.8
19033,22.9,17.7,25.2,32.9
6039,16.1,14.1,30.9,33.9
39001,16.6,30.2,36.3,43.7
13247,14.8,18.3,31.3,42.7
9007,18.5,13.2,21.3,33.0
31083,22.5,16.8,28.3,31.1
51133,16.7,17.7,28.6,38.9
20067,16.1,16.5,35.8,33.0
13313,14.8,20.6,34.7,37.0
29161,16.8,22.2,32.6,35.5
17125,21.5,21.7,28.9,35.6
39029,18.8,25.4,33.0,39.0
18137,17.1,22.3,33.0,35.8
31117,20.8,18.2,28.9,31.5
36037,20.6,19.1,27.9,38.0
21123,15.9,26.2,35.9,43.3
39067,18.3,27.8,32.8,41.8
48451,18.1,16.3,30.9,35.9
22115,21.2,22.8,32.5,39.9
53021,14.1,15.4,26.1,35.1
26111,20.2,18.0,21.8,37.1
13023,16.0,21.8,33.1,39.7
21085,14.4,28.7,38.4,44.4
46015,20.9,18.9,31.7,31.6
28131,14.5,22.5,39.7,36.4
16015,17.5,15.8,21.9,33.5
21157,15.6,23.1,31.4,40.7
46083,22.2,15.3,25.9,27.3
23021,17.8,23.7,34.5,37.5
17159,21.5,20.7,27.8,34.9
51510,16.9,11.7,21.7,34.6
47025,13.6,27.2,37.5,40.9
46095,16.8,33.0,45.0,35.3
49033,10.9,11.4,22.3,33.7
31019,21.5,16.9,26.8,30.6
39093,17.9,21.6,30.9,39.3
29065,17.0,26.4,36.3,36.3
41027,19.2,15.2,27.0,32.8
21067,16.6,17.3,28.1,39.5
37011,17.6,22.9,28.8,35.8
22109,19.4,24.4,36.2,37.2
48245,17.5,19.0,33.8,42.0
40117,14.0,23.0,37.2,39.4
30037,22.5,19.6,24.4,33.0
54007,13.3,26.9,35.8,41.2
13291,18.1,20.5,30.2,35.9
48189,17.2,17.1,34.9,36.4
20131,17.8,17.8,27.7,31.6
48279,16.3,19.0,38.0,38.0
23017,19.9,21.5,33.3,36.3
18153,17.4,24.6,33.7,39.9
19011,23.1,17.9,25.7,31.5
16071,16.7,17.4,27.3,33.4
45045,16.9,15.0,26.8,35.7
38013,24.0,17.7,29.4,32.9
46125,21.1,17.7,31.1,29.7
48013,17.1,16.4,35.0,35.9
17135,21.7,21.3,29.2,35.6
18043,17.4,19.2,28.4,37.2
20001,17.4,20.3,32.8,35.4
31157,18.2,16.5,32.3,35.1
20077,17.6,20.6,33.3,34.7
51187,17.7,19.4,28.0,39.9
39157,17.6,23.7,30.0,40.3
41055,20.2,18.4,26.4,33.6
40027,15.4,16.6,30.3,37.7
20037,16.9,19.2,30.7,35.4
26095,21.0,23.3,28.9,41.3
37033,16.0,22.7,30.9,37.7
8107,19.3,13.5,16.3,29.4
51690,14.5,21.7,34.7,44.0
22045,18.6,24.8,38.2,38.5
48413,18.0,15.1,31.5,35.3
30101,24.1,22.0,24.7,34.9
13053,17.0,19.6,32.5,39.5
38023,21.8,19.6,30.6,32.6
20155,16.6,19.2,30.5,33.6
18107,17.8,22.5,34.2,36.0
31147,22.3,20.0,32.8,30.7
29055,17.2,27.2,37.4,36.4
26041,20.6,21.4,26.2,38.9
17047,22.3,20.2,26.6,34.5
33001,18.9,16.8,21.1,35.0
46103,20.4,18.9,29.8,29.2
56023,18.2,17.2,25.4,32.5
13079,16.7,24.0,36.4,39.8
48309,17.8,18.5,32.5,36.3
40091,13.2,25.2,39.7,40.4
13257,17.6,21.5,31.0,37.7
22067,17.2,27.8,38.7,41.4
32015,18.0,19.6,28.2,39.1
42097,18.7,23.9,29.6,39.3
13089,16.9,14.7,26.6,38.7
46061,22.4,17.7,29.8,28.7
51177,16.3,15.9,27.7,38.3
31053,22.8,19.3,32.4,33.1
31089,20.2,15.7,28.7,31.2
37139,15.9,21.1,29.8,37.9
48067,17.9,22.8,32.1,38.4
21221,15.3,23.6,32.5,42.5
42019,20.9,17.0,24.1,36.9
42063,18.7,23.3,29.1,38.8
38087,23.5,17.5,28.9,31.7
40037,14.8,22.8,34.0,38.7
54101,13.2,28.9,36.7,43.8
48125,18.3,19.4,34.1,37.3
48389,18.2,17.1,36.9,37.4
25005,19.6,17.8,30.8,36.2
19071,23.2,19.2,28.0,32.4
5111,14.4,25.6,35.8,36.1
29001,16.7,22.3,31.4,34.8
1065,13.0,25.8,39.5,43.3
1069,14.1,21.7,35.9,39.8
26085,18.5,25.8,32.9,42.2
5075,15.2,24.0,34.0,36.0
55065,23.5,19.1,24.9,33.1
48095,18.1,19.3,34.7,37.3
32001,17.8,18.9,25.7,37.5
51735,18.5,15.2,23.2,35.5
8039,18.5,14.1,16.9,29.6
29131,18.5,23.6,33.1,35.9
37075,16.6,24.7,30.4,36.6
1091,13.5,23.9,39.8,43.3
19135,22.1,20.0,27.6,32.2
5101,15.5,22.0,30.4,36.0
18097,17.0,18.7,33.9,38.5
8069,18.4,13.9,15.8,27.2
1129,13.8,24.6,38.1,39.6
48159,19.9,16.5,25.8,35.5
38077,24.6,17.5,28.4,33.1
26141,20.6,22.3,27.1,39.3
29227,18.0,22.4,33.1,34.4
48423,17.8,17.4,28.0,37.0
16045,17.5,18.2,28.3,35.1
5139,14.2,21.4,32.2,38.9
17189,23.1,18.3,24.6,34.2
8103,18.3,17.3,20.3,32.7
55127,23.5,16.7,22.6,32.6
1035,13.2,25.1,39.5,43.9
13117,18.7,12.6,22.4,33.9
51157,17.8,16.6,26.0,36.7
27121,24.3,18.1,20.8,30.8
48003,18.4,16.9,33.9,35.8
5077,13.5,25.4,38.5,41.2
46031,16.3,33.4,43.3,37.8
30067,24.6,16.8,19.8,31.9
12111,17.1,18.1,28.7,40.3
18073,17.9,21.3,30.9,36.5
42033,18.8,23.7,30.5,42.9
17013,22.7,20.5,27.2,34.7
16067,14.8,16.9,32.1,35.7
22083,18.2,27.5,38.9,40.8
19061,24.7,16.4,24.7,31.1
16023,16.2,18.8,27.1,34.8
20033,18.6,17.6,29.6,33.6
20175,14.1,17.1,42.3,37.2
5131,14.0,19.8,33.4,35.6
36011,21.7,20.8,28.5,37.0
55047,23.0,18.9,24.9,32.3
48409,17.7,16.6,36.8,36.6
13075,15.5,24.2,35.6,39.5
53035,15.7,14.7,18.6,33.6
21029,16.2,23.6,31.6,41.0
17199,21.2,19.4,28.1,35.0
6011,17.5,13.5,29.6,33.5
37053,17.8,19.0,24.4,34.8
13031,15.9,21.1,32.7,39.1
39011,20.0,21.6,27.8,37.7
51081,15.8,23.4,35.0,44.9
51710,17.6,18.8,28.5,39.3
41035,18.4,18.7,29.1,35.5
18071,16.5,22.7,35.1,37.0
36113,21.4,16.8,25.6,35.2
1045,14.8,22.0,32.9,40.8
30035,21.6,29.3,29.9,36.6
27151,23.6,20.7,23.9,32.2
1089,15.9,16.1,27.8,37.8
49029,11.6,8.9,18.0,29.8
49025,11.0,11.1,20.9,33.5
19109,23.4,18.5,28.6,33.3
22025,19.5,26.4,36.7,40.4
48005,17.4,19.8,34.8,37.3
48269,18.5,20.4,32.0,34.9
51061,18.3,14.7,24.0,36.7
40115,13.5,24.5,41.4,39.8
18151,17.9,22.0,31.2,38.0
53057,16.2,16.1,20.3,32.7
30045,24.2,17.4,22.7,31.7
47123,13.8,26.7,35.3,42.5
46065,21.9,17.2,27.9,29.3
55078,19.6,30.1,32.1,40.7
8083,17.3,18.4,21.0,33.6
32011,19.9,19.6,26.4,36.6
30109,23.9,18.8,22.9,34.4
55069,24.5,18.7,25.1,35.1
37079,15.2,23.6,34.6,39.9
48303,17.1,15.8,32.7,34.9
38053,20.5,18.5,29.4,33.3
47173,14.5,27.8,35.4,42.5
48091,18.4,14.2,25.6,33.2
27149,23.2,17.3,22.1,29.0
18093,16.8,23.1,33.1,37.5
19173,21.9,20.1,30.7,33.5
19075,24.8,16.6,23.9,30.0
16053,15.9,17.7,32.0,33.9
18029,17.6,21.8,28.6,34.4
16057,18.6,15.1,21.0,32.4
8093,18.6,15.7,18.2,29.4
29105,17.3,24.6,34.3,36.9
50001,20.4,15.1,18.3,30.0
53077,13.1,16.4,28.6,33.7
20141,18.8,18.5,30.5,33.9
28005,13.6,23.1,42.4,39.8
1119,11.8,23.2,39.5,44.3
5015,14.6,20.2,32.6,34.6
35001,14.5,14.8,23.4,33.3
31095,21.5,18.9,32.3,32.9
46075,21.5,17.7,29.6,29.9
48387,18.2,23.3,32.9,39.0
37151,16.0,21.8,30.6,34.3
29075,17.7,23.5,34.0,36.3
50023,21.5,15.9,18.8,28.8
22023,20.8,23.3,31.9,36.5
8073,18.1,19.2,24.1,32.8
6037,16.6,10.9,25.2,36.5
48345,19.4,18.2,29.1,36.1
26051,20.1,24.4,29.0,40.8
25019,21.8,12.5,23.9,33.3
13321,16.1,23.6,35.6,39.5
29011,17.0,24.4,35.0,36.3
51015,17.8,19.9,29.5,36.9
8029,16.3,19.4,23.9,32.5
40007,13.1,18.2,38.5,36.7
1055,14.7,23.5,33.9,38.8
53013,17.1,17.8,21.7,31.9
13055,16.9,27.3,36.6,40.6
17093,21.2,13.3,23.3,32.8
28055,12.6,28.8,50.5,44.2
40061,13.4,24.3,38.9,38.2
2060,18.7,21.2,21.6,34.1
13009,15.7,22.5,33.4,41.5
22053,20.2,24.0,33.8,37.2
29041,18.2,23.1,34.3,35.5
1025,13.4,25.0,39.6,42.7
40125,13.7,22.1,37.8,39.2
54063,15.2,25.6,32.2,40.3
31031,20.6,16.7,29.8,30.1
13119,16.7,22.9,33.2,39.7
20097,17.8,18.1,29.6,32.5
55141,24.7,17.5,25.0,32.4
12125,19.8,27.0,32.3,44.5
1109,13.7,20.6,33.8,41.3
41025,20.3,18.9,26.1,35.2
16043,16.8,17.3,26.6,35.0
38079,20.7,31.1,38.0,38.0
45021,17.3,23.7,34.0,39.3
31107,23.8,17.6,28.9,31.5
9011,18.7,13.6,24.9,37.9
42099,20.0,22.4,28.0,39.9
55009,23.2,15.4,21.7,32.7
51149,17.6,18.5,28.4,40.1
26081,21.1,17.4,22.6,35.8
42129,21.8,20.5,25.6,39.9
27115,23.5,22.8,26.5,32.2
55061,24.6,17.9,23.1,32.3
26163,18.3,22.0,28.6,44.5
17033,22.5,20.4,27.6,34.4
18181,17.0,21.4,32.9,36.0
5067,13.9,26.5,38.7,38.1
48431,18.7,17.6,33.0,36.2
18033,17.8,21.8,31.0,36.1
36075,20.9,21.4,28.5,40.3
13227,18.7,20.0,27.8,35.9
30075,23.5,18.5,22.1,33.4
51685,15.7,14.4,29.4,37.8
54021,14.6,24.2,32.7,44.8
31159,23.3,16.3,23.8,29.8
21131,13.4,33.1,41.9,44.9
21229,15.2,24.4,33.8,41.6
26017,19.8,21.3,27.1,39.2
38015,21.5,16.5,25.5,32.3
27037,22.1,14.1,18.4,29.2
56009,18.9,18.7,28.4,34.0
1099,13.8,25.3,41.2,42.7
47029,13.4,27.8,37.5,42.3
48473,17.6,18.3,32.5,38.1
48461,17.6,17.3,35.1,37.2
13161,15.3,26.8,39.2,40.0
39025,18.8,23.1,28.5,36.7
21199,13.6,27.0,36.7,42.2
12033,18.0,19.6,28.2,41.3
48367,20.6,17.5,25.9,34.7
40071,13.9,21.9,37.0,40.0
33003,19.9,17.4,22.1,34.3
21195,13.8,28.7,37.0,47.6
6101,17.2,14.7,28.9,35.0
47059,13.7,24.3,35.3,41.5
37015,14.1,24.5,34.8,42.9
20063,18.2,18.6,30.2,33.4
48069,17.2,16.4,35.3,36.9
19031,24.5,17.1,25.4,31.1
5141,15.1,25.3,33.6,37.4
46129,21.9,19.2,31.0,31.4
26055,22.4,17.8,21.4,35.9
18015,17.0,21.3,31.4,35.3
55087,24.3,15.1,21.4,32.9
28127,14.7,21.7,39.6,38.8
47093,15.7,18.6,28.9,39.6
20119,17.5,18.0,32.2,33.4
30081,22.2,18.7,21.5,33.0
25015,21.6,14.2,25.6,33.6
48101,16.5,22.4,37.0,38.9
40035,13.5,24.3,39.5,40.3
45085,16.6,20.3,33.9,40.9
45007,17.9,20.9,30.0,37.8
27085,22.4,18.5,22.3,30.5
12063,17.9,25.5,37.9,40.1
31043,17.2,16.2,40.8,32.8
13311,18.9,20.0,27.6,35.1
2188,16.4,34.3,29.2,40.3
5097,14.3,25.0,34.5,35.1
17155,22.8,18.2,25.3,34.1
47165,14.7,19.5,29.3,39.5
18135,17.3,23.6,34.7,37.6
20183,18.4,18.8,29.4,34.1
17019,19.3,16.0,25.3,34.6
24003,17.5,15.0,22.2,35.5
45061,15.4,24.1,37.4,40.1
39073,18.0,25.9,32.6,42.1
45091,17.8,15.6,24.9,37.8
44001,19.5,14.5,20.1,32.9
55107,22.9,20.6,27.3,34.4
47187,15.8,13.3,21.5,35.0
6003,18.8,16.0,23.6,34.5
24035,21.7,15.5,24.7,33.1
48397,19.9,13.5,22.7,33.0
39153,16.9,21.3,27.7,38.6
20025,19.0,16.9,29.7,33.4
13039,17.8,19.3,29.9,38.2
48313,19.4,19.8,32.3,38.9
5123,13.6,24.6,38.7,41.4
19085,22.5,18.5,27.7,31.5
5005,16.5,22.3,27.9,32.3
17173,22.3,20.8,27.8,34.9
48031,19.9,16.3,27.2,35.1
36051,20.6,18.9,27.4,35.5
28015,14.3,22.9,40.4,37.9
26103,22.2,19.8,23.2,37.7
47101,14.2,25.8,34.6,42.4
6067,19.6,13.3,24.0,35.1
40041,12.9,24.1,38.1,38.7
48239,18.9,17.6,31.3,36.1
41043,17.7,17.5,27.8,37.0
39083,18.3,21.7,28.4,38.6
8059,18.2,13.5,14.8,29.7
41013,19.7,18.9,26.9,35.8
46045,22.8,17.4,29.8,29.9
48203,17.5,20.7,31.1,37.8
46107,22.0,17.8,29.1,28.8
37009,17.3,21.7,27.3,35.2
47131,14.1,26.5,36.9,42.5
53069,16.8,17.1,21.5,33.6
18175,17.6,24.0,33.1,37.9
54093,15.1,23.2,29.9,43.1
48229,15.2,20.8,44.3,38.9
46123,20.7,21.4,32.9,31.3
22009,18.7,26.9,37.0,42.4
29183,19.8,15.6,26.4,31.9
35021,15.9,15.7,28.1,32.2
21037,16.7,20.8,27.1,39.2
13067,17.4,14.0,24.5,36.1
48503,18.8,19.3,30.8,36.8
2158,14.7,43.0,38.2,42.5
29083,17.3,25.3,35.0,35.3
51181,15.7,20.7,32.7,42.2
21111,18.4,22.2,32.4,39.6
18079,17.0,23.4,33.1,38.8
27071,23.3,20.4,23.9,32.2
39109,18.2,22.6,27.2,39.5
12115,21.7,17.2,22.7,35.1
42027,19.0,19.0,23.9,37.4
29215,17.0,27.3,37.7,38.2
20205,18.4,21.0,32.3,35.2
21007,15.5,24.9,32.8,42.6
42081,19.0,22.3,26.5,36.7
37087,17.4,19.8,24.3,37.0
53005,15.0,14.5,23.5,33.3
42005,19.8,23.8,29.2,41.0
29019,18.2,18.0,29.3,32.4
30011,24.8,19.1,23.2,32.7
42111,20.3,23.4,29.1,41.0
6089,19.2,16.1,22.0,33.0
55117,22.4,15.9,24.2,34.2
29119,16.3,26.7,40.3,36.0
12086,17.7,13.6,33.7,38.8
13131,15.3,22.5,35.7,41.0
2105,17.9,22.7,23.6,35.2
16033,14.5,18.5,34.6,35.8
1015,15.3,22.6,32.6,38.3
31137,21.4,15.8,27.7,29.6
48293,17.5,21.4,34.8,38.8
22063,20.4,22.7,29.5,37.8
8003,14.5,16.5,26.9,33.4
39147,18.8,23.3,30.0,40.0
51037,15.9,24.7,34.7,42.2
33015,18.8,14.3,20.2,32.6
51750,15.8,21.2,32.1,38.9
18081,17.9,18.7,28.2,36.1
10005,18.0,17.5,27.3,35.7
51770,15.3,22.2,32.4,40.4
13249,16.6,21.8,32.8,39.8
19183,22.1,18.1,27.2,34.1
1079,15.2,25.6,35.0,38.5
17109,20.6,19.5,27.8,35.7
21101,16.2,25.7,34.4,40.2
35011,15.7,17.9,30.3,34.4
13097,15.6,18.5,30.6,40.0
51075,17.7,15.4,23.7,36.1
49051,10.3,8.1,18.2,30.9
56039,17.5,11.3,18.5,27.1
4005,17.7,18.1,20.5,32.6
17043,18.1,11.2,22.7,30.6
8117,19.9,12.5,15.8,29.7
22019,20.0,22.3,30.9,41.9
46035,21.0,18.1,30.5,29.8
8053,18.9,14.3,17.1,29.9
31073,22.0,14.6,27.1,29.9
55039,23.7,17.1,25.0,31.8
51161,18.2,15.6,25.8,35.4
6045,19.4,14.8,25.1,33.3
29177,19.3,22.8,32.2,35.2
17009,22.3,20.8,29.7,37.2
51105,15.5,25.5,35.6,39.3
27125,23.0,20.1,23.5,30.9
28077,14.3,22.0,40.5,38.6
40133,13.5,25.2,41.8,40.5
37159,15.5,20.7,29.5,38.3
26153,20.1,24.9,28.1,39.8
19149,22.0,16.5,26.6,31.6
39045,17.3,20.8,28.5,40.4
22125,21.2,20.7,30.8,40.3
20005,18.4,20.5,31.0,34.6
31027,20.9,15.0,27.6,30.8
40099,13.7,21.4,35.4,38.5
13183,16.8,22.0,34.7,42.0
51009,16.8,20.3,30.4,38.5
19045,22.8,20.3,29.5,30.6
40103,14.6,19.9,33.5,37.7
13001,15.8,25.3,38.1,41.3
36099,20.2,20.8,28.9,39.8
28141,15.1,23.5,40.0,37.4
13219,18.5,13.6,21.8,32.7
38071,24.0,17.7,28.9,32.6
50013,21.2,16.1,19.9,31.0
21175,14.6,30.1,39.2,43.4
48219,17.3,17.9,34.8,36.5
17073,22.2,18.4,26.9,34.1
48439,16.9,14.8,28.8,33.0
18123,17.9,23.1,31.9,37.5
27051,24.0,19.9,22.3,31.3
48165,17.5,19.7,35.9,37.2
48175,18.1,16.8,31.1,36.6
54071,14.3,25.5,32.7,43.0
12053,19.8,20.9,31.0,39.2
56029,19.3,15.4,22.4,32.0
19139,21.3,17.0,27.6,32.1
12095,18.3,15.3,29.9,40.8
55017,24.7,17.6,24.4,33.1
29149,16.3,28.5,38.8,37.3
16003,17.4,18.3,24.4,35.2
44007,17.9,16.6,29.2,39.3
39173,18.6,19.5,27.6,37.2
13301,14.2,26.0,39.7,44.4
45055,17.7,20.3,30.3,37.6
48205,21.1,16.7,28.6,35.7
19055,22.9,19.3,27.5,32.1
4013,15.9,14.3,24.8,35.0
17029,20.8,20.6,27.2,34.2
39137,21.2,19.4,28.2,39.3
55053,23.5,20.8,27.4,33.8
12007,18.1,26.8,35.5,41.4
30065,22.1,21.1,25.8,36.7
38007,22.9,17.4,28.1,31.9
49007,11.6,12.8,25.6,36.3
42047,19.8,22.8,27.3,38.9
42035,19.5,23.1,29.3,40.7
35049,15.7,11.9,21.3,28.6
31155,25.5,16.9,28.1,31.7
16087,16.8,18.3,30.8,35.4
5059,15.4,22.7,31.8,35.2
19021,19.6,16.8,33.1,33.3
37039,16.7,22.8,27.6,37.7
6055,19.1,10.8,20.6,30.2
22099,19.8,25.1,34.3,38.0
18059,17.6,17.8,27.4,34.0
47037,16.5,16.9,26.9,38.7
17053,22.0,19.9,27.5,35.5
48469,18.1,17.7,32.3,36.3
2240,18.6,20.9,23.0,32.2
36069,21.0,16.5,24.5,36.0
13195,17.3,21.8,32.4,39.0
19119,23.2,18.4,27.9,30.8
18007,16.4,22.6,32.5,38.4
13271,15.9,25.1,42.1,43.1
1133,15.1,26.3,37.7,38.8
54085,14.8,26.3,34.1,43.7
6109,20.6,15.0,22.8,33.1
8014,18.0,10.7,14.2,28.5
46099,21.3,15.7,28.7,30.2
51595,12.4,24.8,41.6,45.9
36021,19.7,17.6,26.2,33.8
27023,23.6,19.5,23.2,31.6
49017,10.5,11.8,22.8,34.1
48141,15.3,13.6,29.8,36.9
21073,15.5,21.0,29.3,40.4
20015,18.5,16.9,28.3,35.5
54029,14.5,24.8,31.4,43.1
22073,18.5,23.3,34.2,40.3
20153,18.0,18.0,29.5,33.4
51111,16.0,23.4,34.0,41.0
17063,22.6,16.9,25.6,33.0
20055,16.4,17.7,36.4,33.7
27061,23.6,20.8,21.4,30.4
29147,17.7,22.3,30.9,34.6
18145,16.3,22.3,31.8,36.9
48039,17.2,15.6,29.3,37.4
28119,11.2,26.8,49.8,43.1
42091,19.0,14.9,20.9,39.6
48249,16.4,17.0,38.3,37.4
20111,16.4,16.9,34.2,35.7
21059,15.3,23.4,32.9,41.5
42017,20.2,16.7,22.2,35.3
48283,17.6,16.7,38.7,36.5
26125,19.8,13.6,19.7,37.6
42069,18.3,20.9,27.6,39.1
48061,18.8,16.2,37.8,39.1
17147,23.2,17.1,23.7,32.5
5089,15.4,22.9,31.6,34.5
51640,14.6,24.1,37.4,40.3
6025,16.5,13.3,33.3,33.6
23001,18.6,19.8,33.3,40.4
27135,25.7,19.5,23.0,29.3
47067,13.8,29.7,37.7,42.3
53043,16.2,17.2,21.8,33.2
4023,15.2,14.5,32.1,34.7
12021,19.2,15.6,24.6,34.1
45027,15.9,22.8,32.3,39.6
51045,18.5,18.6,25.9,37.7
13153,16.0,17.9,31.0,40.4
20089,18.2,19.9,31.5,35.7
21137,14.4,28.3,37.7,42.4
37125,16.9,17.2,23.7,34.7
48375,16.9,20.2,37.8,36.6
51193,16.4,19.9,30.9,38.5
35047,15.2,15.9,31.7,35.3
21239,15.6,19.7,28.4,40.7
48111,18.2,17.7,33.4,36.7
31069,22.1,16.7,28.2,31.1
20049,17.5,21.6,35.6,35.5
17181,20.8,20.9,29.5,35.1
13273,14.2,26.0,40.2,43.6
22117,17.8,27.2,40.7,39.3
48495,17.7,17.7,36.0,37.1
20191,17.4,18.3,28.8,33.9
39065,19.5,24.5,31.0,41.0
46115,22.5,17.8,31.0,30.0
24013,18.4,14.0,22.5,33.7
5039,13.8,23.5,35.8,38.1
36027,21.9,15.9,25.7,40.5
27165,20.7,19.4,27.2,31.2
47023,13.8,23.9,33.5,42.9
37073,16.3,21.7,28.8,38.5
13025,16.5,27.4,37.7,38.9
53019,16.2,22.1,23.7,37.3
46009,22.2,20.5,31.7,31.5
28147,12.6,24.4,42.8,41.0
45069,15.6,26.2,38.1,42.2
48405,17.6,23.3,35.2,39.7
46081,20.8,17.2,28.0,29.6
29225,16.8,25.2,35.1,37.1
31091,21.9,16.4,26.4,31.0
41009,20.6,19.4,27.1,37.3
20143,19.0,18.4,29.6,33.6
40081,14.2,22.2,35.5,37.1
24043,14.7,18.3,27.9,37.5
18143,16.7,25.8,35.1,39.4
19077,23.3,18.4,28.4,32.9
51031,15.9,20.2,28.9,37.8
39017,18.4,21.8,27.6,37.4
48485,19.1,19.0,30.1,38.5
17083,22.4,19.2,26.0,34.1
21103,14.9,25.9,33.5,42.7
48055,17.0,18.0,36.1,37.2
17201,20.5,18.3,30.6,34.7
26029,22.0,19.0,23.8,36.5
47107,14.2,26.6,34.4,41.3
21147,14.2,32.9,44.1,49.1
8067,18.5,14.2,16.6,29.6
28089,14.2,13.6,28.3,34.6
29091,16.0,26.1,38.4,36.9
48195,16.6,19.8,37.3,37.1
19159,22.3,19.1,29.5,31.5
55125,24.2,18.3,24.3,31.6
39087,17.1,27.2,35.3,43.8
18167,18.0,23.0,32.7,37.0
30091,22.8,18.1,23.4,31.7
40017,15.0,17.4,29.7,34.9
13139,16.3,18.0,31.9,35.0
19189,22.9,18.2,27.8,32.0
39043,17.6,23.0,28.8,40.2
46017,16.6,35.6,45.4,39.6
21045,14.0,30.0,40.1,45.5
22127,19.5,24.9,35.7,40.8
6075,19.2,9.3,18.9,33.2
17027,23.2,18.7,25.2,34.8
51670,13.9,23.8,37.4,44.6
13015,17.0,21.0,32.1,38.5
20197,20.7,17.2,27.4,33.8
8123,17.5,14.8,21.2,32.0
42089,18.8,19.5,28.3,40.7
5049,14.5,26.0,35.4,36.2
22001,20.1,24.7,37.7,38.4
49041,10.3,12.9,23.2,34.2
54049,13.3,24.7,34.6,42.0
16025,16.7,19.0,27.5,35.7
48139,18.7,16.4,28.0,35.0
42001,18.7,20.3,27.3,37.2
21015,17.8,18.1,26.8,39.9
48459,19.2,20.9,30.3,37.0
28069,12.3,24.3,46.9,42.9
48221,20.1,17.3,26.0,34.3
38065,23.7,17.8,28.3,33.0
8109,15.2,17.2,26.1,32.7
28153,13.8,22.4,41.8,40.5
48025,17.9,18.5,36.9,38.6
39117,18.5,24.8,32.2,39.4
6081,18.0,9.2,17.5,30.1
1007,15.6,25.2,37.7,40.1
31145,20.6,18.4,31.1,32.4
27101,23.3,18.8,23.6,29.9
53029,17.7,14.3,18.5,34.0
46059,22.6,17.1,28.5,29.6
26039,20.4,22.1,26.4,39.3
29027,18.1,21.9,31.8,33.4
42119,20.3,20.2,26.3,38.1
8045,16.6,14.5,19.4,31.9
19125,22.9,16.5,25.2,30.9
21219,14.7,26.7,36.7,44.5
13241,17.0,21.5,32.5,36.6
54015,13.3,30.0,36.5,43.7
40051,14.3,20.7,34.4,35.7
13105,15.8,24.5,37.4,40.4
40153,14.9,19.6,34.2,37.7
13091,16.7,24.8,35.7,42.0
6111,18.0,10.6,21.8,32.9
2150,17.1,16.5,23.0,34.0
17117,22.1,20.4,27.0,33.3
31081,21.9,15.4,26.5,32.4
20069,17.8,17.1,29.9,31.8
5113,13.4,24.5,33.8,36.7
48341,17.3,17.3,35.1,37.7
53063,15.8,16.1,20.1,32.2
37167,16.9,21.7,27.8,36.5
1071,15.3,24.1,35.7,39.6
35019,16.4,15.7,32.5,33.0
39053,17.7,26.5,34.5,42.2
51097,16.7,19.8,30.4,40.6
17127,21.3,21.8,29.8,36.4
47157,14.4,19.7,31.9,45.9
29159,17.4,23.0,35.5,34.9
38031,23.6,17.5,27.7,31.9
28025,12.2,21.6,44.1,39.7
13175,14.1,23.9,37.2,40.8
21167,16.1,24.3,33.1,42.4
30057,23.3,15.4,19.9,33.0
54035,14.6,24.3,29.9,43.3
39023,18.3,24.9,30.8,42.7
18051,18.2,21.6,30.7,37.5
37117,14.5,23.3,31.7,39.8
21083,14.9,26.1,37.2,40.8
41063,20.2,17.4,25.1,34.8
13211,18.2,19.6,29.0,38.0
17161,20.3,18.7,27.0,35.5
51199,17.5,13.8,23.2,37.7
54079,14.5,20.7,27.2,40.3
50021,19.4,18.6,21.9,31.9
29203,16.2,28.3,38.9,37.2
35027,17.3,14.9,24.9,30.5
51840,15.6,17.4,29.3,37.5
31017,21.6,18.9,32.5,32.7
48183,17.3,19.5,31.9,39.3
39107,21.5,21.7,28.5,38.8
26147,21.6,21.4,25.1,40.5
36091,22.6,15.0,22.5,35.2
13081,13.8,25.7,39.4,43.6
32023,17.9,22.5,28.7,38.8
22107,16.1,29.9,44.6,45.5
39129,19.2,24.0,29.3,41.3
24023,16.3,20.7,26.6,36.7
24033,14.6,13.2,27.3,44.6
16077,15.5,16.9,30.3,34.1
5103,13.7,24.2,37.4,39.5
13293,16.1,24.4,35.6,41.6
20113,17.8,17.2,27.2,33.4
48285,19.7,19.0,30.4,36.0
28133,12.0,25.0,46.1,43.7
54005,14.0,28.1,37.2,47.6
19013,22.3,19.4,29.4,35.3
45005,14.8,25.4,39.0,45.1
49015,10.4,12.3,21.7,33.4
42055,18.6,20.8,28.0,37.9
17171,21.7,20.7,27.6,35.4
17137,21.4,20.7,28.2,35.5
48259,20.0,13.5,23.9,33.4
47087,13.8,28.2,35.4,42.0
15005,16.1,14.9,19.8,33.2
37031,18.4,18.8,25.4,35.2
28039,15.8,21.3,39.2,36.7
20079,18.4,16.1,29.0,31.8
38095,22.4,19.9,31.5,33.4
12109,21.1,16.4,22.2,33.9
8021,15.0,16.1,27.7,33.7
51119,18.1,20.1,28.7,38.3
47151,13.7,29.2,36.4,43.6
31061,21.6,19.2,31.0,32.1
26093,23.7,16.2,19.8,33.8
39163,17.9,28.6,39.1,42.6
41053,20.6,16.1,25.9,33.7
22043,20.2,24.5,35.1,39.6
17107,21.6,19.2,26.8,35.3
6047,16.3,14.4,32.2,35.4
13205,14.8,25.4,40.5,43.3
47043,14.8,23.4,32.4,40.1
5003,14.3,24.2,35.7,37.0
19047,19.5,18.9,34.6,35.6
29053,17.9,22.1,32.6,35.6
21177,15.4,26.9,38.7,40.8
18105,16.8,18.7,26.6,35.3
51630,16.0,16.4,27.5,39.2
48213,17.9,21.8,32.7,37.7
38001,22.4,18.1,28.5,31.7
55003,22.8,21.2,25.7,33.9
17045,22.5,20.0,26.6,34.8
13263,14.6,24.9,38.0,43.7
48323,14.8,18.2,42.3,38.0
40143,12.9,17.4,33.1,34.9
20103,18.8,17.4,28.4,34.1
27053,22.2,12.7,16.4,27.7
12047,18.8,27.6,38.2,40.7
5025,15.1,23.9,34.9,35.7
28143,11.9,20.9,43.9,43.5
45035,18.6,18.1,26.2,37.5
22065,15.8,29.2,43.5,44.5
51053,17.1,21.4,31.3,40.5
21051,13.5,33.5,44.1,47.1
42025,19.3,21.7,28.5,40.1
48083,18.9,19.4,30.4,37.3
48149,18.5,17.9,30.4,36.2
37137,16.5,21.6,28.5,37.0
12073,17.2,16.6,24.9,38.5
18115,17.8,22.2,30.3,36.2
16005,17.2,17.6,26.8,34.2
51167,16.4,25.4,33.9,39.2
20161,17.3,15.8,25.0,32.8
13145,19.2,17.3,25.5,37.2
23009,19.3,17.9,29.0,30.4
19069,21.4,17.9,30.2,33.7
19095,24.0,18.0,26.4,31.8
29137,18.1,24.5,35.0,35.2
48119,19.3,19.8,28.6,37.3
6017,20.4,12.3,19.0,30.4
5069,12.5,24.0,37.2,40.2
21113,15.8,22.5,32.5,41.1
51740,14.7,20.6,33.1,45.5
47171,14.4,25.3,34.6,41.6
48089,19.0,17.9,31.7,36.9
36035,19.5,22.9,30.4,43.1
29129,18.3,22.9,32.6,34.2
18159,17.7,20.5,29.9,36.5
32003,16.6,16.5,27.2,38.7
35006,15.0,21.3,33.1,38.0
42109,19.7,22.7,28.2,39.1
1097,15.0,21.4,32.1,40.5
13281,18.0,19.9,28.4,36.6
18031,17.1,21.9,30.1,36.7
16013,17.1,13.6,23.2,31.3
21021,15.1,23.4,32.5,42.2
33013,18.2,15.9,21.1,33.1
16059,18.2,18.4,23.7,36.1
19133,21.4,20.6,29.6,32.3
48385,16.8,20.7,36.0,37.5
17191,21.5,21.5,28.6,34.7
29067,16.5,28.7,39.3,36.5
1127,14.7,25.9,36.2,40.7
51089,14.6,22.8,36.2,43.6
30001,24.2,17.4,21.7,31.7
17091,20.8,18.6,28.3,36.6
37143,16.5,21.3,27.9,37.5
46073,22.1,16.9,29.6,29.8
21065,14.3,30.9,39.6,44.0
8101,16.4,17.9,24.0,36.1
1037,14.8,23.7,34.8,41.2
21155,15.7,28.1,38.0,43.3
55129,23.4,18.6,23.6,32.6
19167,21.8,15.8,26.5,29.0
48277,18.1,22.1,30.8,38.3
18017,16.0,22.6,35.5,37.2
8075,18.6,18.5,23.1,34.1
53049,16.2,17.9,23.3,33.8
30027,22.8,18.4,21.1,31.8
46029,22.1,18.6,29.5,31.0
22087,18.5,23.3,36.4,38.2
25017,20.4,11.6,22.4,32.8
5079,15.2,24.8,36.0,39.9
39035,17.3,21.5,28.5,44.9
31179,23.6,15.8,28.3,30.4
27173,23.2,20.2,23.7,30.6
18021,17.3,23.1,32.9,37.1
55071,24.6,18.4,26.6,33.1
40123,13.7,21.4,33.2,40.4
19197,21.6,18.4,30.2,32.5
13057,17.9,15.0,24.4,34.8
20167,18.5,18.7,31.7,33.4
2290,17.9,30.9,27.4,39.1
29167,17.3,24.1,33.5,35.7
40025,13.1,18.3,37.7,37.5
38045,21.1,19.4,31.1,31.9
30015,23.0,20.3,25.0,34.4
48131,15.8,17.4,40.3,37.9
12015,20.3,19.2,25.0,39.8
30099,22.8,18.5,23.3,33.4
48419,16.7,22.3,35.9,39.1
37103,14.8,24.6,34.1,38.6
20133,17.4,20.2,32.9,36.4
26043,21.2,19.5,24.2,38.1
56021,16.7,16.7,25.7,35.3
18085,16.4,19.6,30.2,36.0
48311,19.3,13.6,28.0,35.5
47181,14.9,26.7,35.3,43.4
27109,20.6,13.7,18.2,28.7
40089,12.5,25.0,42.0,40.9
51003,19.0,14.2,23.5,33.9
32013,19.1,18.7,27.6,38.1
46093,20.0,16.2,29.3,32.1
26073,19.7,22.3,28.5,38.3
55023,23.9,19.4,24.8,33.6
46051,22.5,17.5,31.1,29.6
48395,17.9,19.1,32.3,38.1
29097,17.0,21.6,34.9,34.9
13047,18.1,20.0,29.4,37.3
25027,20.2,14.8,26.8,38.6
51063,17.2,20.2,28.3,38.9
29003,18.0,21.2,29.1,33.4
40059,13.6,18.6,38.7,35.6
8037,18.0,12.1,17.0,26.5
21211,15.2,20.8,32.3,42.3
9005,18.5,14.0,20.3,32.9
51143,16.1,22.6,32.3,38.6
51131,15.1,19.6,32.9,41.0
51023,17.9,17.2,25.8,35.7
21001,14.0,28.7,39.1,42.8
48333,18.8,19.4,31.1,36.0
48267,17.4,19.1,33.0,36.4
31115,22.2,16.3,27.6,30.6
54055,13.4,26.5,33.3,44.4
55067,23.4,20.4,26.8,33.7
48449,16.7,18.9,35.7,37.4
1101,13.8,20.1,31.9,42.8
21121,13.2,30.5,41.6,43.4
29033,18.0,24.1,35.0,36.2
48093,18.9,17.2,30.0,36.1
2013,15.1,19.5,28.1,38.9
6027,19.6,13.6,22.1,32.9
17157,21.9,21.7,30.1,36.9
39099,18.3,23.5,32.7,43.5
37195,14.2,22.5,34.5,39.7
31125,23.0,18.1,31.2,31.4
41033,19.2,20.5,28.5,35.5
47053,13.7,24.4,35.5,41.3
28063,11.6,24.4,49.2,46.0
40069,13.6,24.1,37.2,39.4
35033,15.2,14.2,31.4,33.2
26139,20.2,16.2,22.0,35.0
28103,11.6,24.1,47.1,42.3
30079,23.0,19.8,25.5,33.3
55133,24.9,13.2,19.2,28.0
48331,18.1,19.8,34.0,38.2
5133,13.2,20.3,37.4,37.7
55033,23.3,18.0,23.5,32.6
51570,16.0,18.3,28.8,39.0
19005,22.4,18.3,30.3,33.6
5143,15.6,18.6,27.1,33.4
12023,18.4,25.9,32.6,42.4
23023,18.3,16.6,28.3,31.2
48355,20.2,16.0,31.9,35.2
23019,18.6,20.3,33.5,36.7
13111,18.0,21.1,31.2,35.6
1033,15.5,21.5,33.2,39.8
21091,16.0,24.8,33.2,40.7
16069,16.9,17.5,25.1,33.9
12101,19.2,21.1,28.2,39.0
18041,16.5,26.1,35.9,39.2
13235,15.2,22.7,34.1,41.0
36083,20.6,17.5,26.0,37.9
19103,22.2,14.6,21.0,29.4
54069,16.2,21.8,28.5,39.7
47003,13.7,24.4,35.3,42.6
26063,20.3,22.2,27.3,38.3
26009,20.1,20.5,25.3,36.8
13155,16.3,24.9,36.3,42.2
45043,16.8,19.2,29.1,38.5
42065,19.5,24.6,29.3,41.2
5033,15.5,22.7,33.4,34.6
41023,19.2,20.4,27.7,34.1
37181,13.9,24.3,35.7,41.5
39171,19.8,23.9,30.3,39.9
27007,21.6,21.5,23.1,30.8
36005,16.9,16.5,39.1,42.4
32510,19.3,17.4,26.1,38.5
56017,17.1,19.7,27.1,34.2
12039,16.0,21.9,35.4,42.9
37023,15.8,23.2,29.4,37.3
21185,17.4,17.0,25.3,38.6
13169,16.9,21.3,31.6,39.1
16051,16.2,15.2,23.5,33.5
31009,22.8,17.1,27.4,29.4
45013,20.3,15.6,22.5,35.1
29111,17.9,24.5,36.9,34.7
48357,16.9,18.4,36.1,36.1
47117,14.8,23.7,32.8,41.6
20127,19.3,18.6,28.4,34.8
48045,17.3,19.6,34.0,36.8
48153,16.9,16.8,35.5,37.4
51175,16.6,20.1,31.5,42.1
19039,20.6,18.7,31.2,33.2
31051,21.9,16.1,29.3,30.0
39003,17.5,22.8,34.0,41.9
12081,19.6,17.1,26.2,36.5
22035,15.4,32.7,47.8,46.3
29195,17.1,22.3,36.7,36.1
26109,20.7,22.1,27.3,38.0
31169,24.4,17.2,29.1,31.1
25003,20.5,17.8,27.8,38.0
54099,13.6,28.4,34.6,46.7
55095,24.1,18.1,23.3,32.0
27045,23.6,19.4,23.0,30.1
17097,20.6,12.8,21.8,32.3
47081,14.6,26.2,34.9,42.6
25007,21.5,14.8,23.9,33.7
45077,18.5,19.2,28.7,34.7
13319,15.5,24.4,37.1,42.2
20039,19.0,18.8,29.2,34.3
1063,10.8,28.2,45.9,47.8
48305,16.8,19.2,37.1,36.9
39027,18.5,25.6,32.5,41.1
28007,13.1,23.4,45.5,38.3
27089,23.5,18.8,22.5,30.9
42007,20.8,21.6,24.6,39.5
37089,17.2,17.6,24.3,34.1
51800,16.1,17.4,29.0,41.5
46101,20.8,19.0,30.6,30.7
47145,15.0,23.8,30.6,41.5
18095,17.0,24.4,34.5,40.3
29121,17.4,22.9,36.4,36.1
33005,17.6,17.6,21.9,33.2
55119,23.2,20.0,25.5,35.0
12035,19.4,20.7,26.1,39.5
37017,14.2,24.2,33.3,38.8
36043,20.1,20.9,27.7,39.7
26053,20.2,22.6,27.0,40.4
51036,15.6,22.4,32.4,44.1
48071,19.2,16.8,28.7,36.6
39141,18.5,27.0,33.1,44.3
18013,18.1,19.9,28.5,35.7
22057,20.0,23.3,35.9,36.6
56011,18.3,17.5,27.4,33.8
46135,23.3,17.7,29.8,30.4
54001,13.3,25.4,33.1,45.1
29107,19.4,23.0,33.0,34.9
37183,17.5,12.6,20.2,31.9
17123,22.4,19.4,26.2,35.3
35013,15.5,15.4,28.3,33.4
21061,14.6,28.8,37.1,42.7
31097,23.2,18.7,30.6,33.4
46037,21.8,21.5,33.2,30.8
17037,21.8,17.1,27.2,34.2
48041,16.9,16.3,28.2,34.7
25009,20.7,13.8,29.5,34.6
5087,14.4,24.4,34.5,36.1
26107,19.9,22.4,26.9,39.0
53045,17.0,18.5,23.9,34.6
27079,23.2,17.3,22.5,29.7
42071,18.0,20.0,25.5,37.4
45083,17.1,20.0,28.2,41.5
17011,21.5,18.3,28.2,33.4
37131,14.0,24.6,34.3,42.4
51047,16.6,17.3,28.6,38.9
40029,13.0,25.6,39.8,39.1
29005,18.4,21.7,30.3,35.5
37165,14.4,26.7,34.1,40.9
45009,15.7,22.7,34.9,42.4
21119,13.7,31.4,40.4,44.1
48377,13.8,21.2,46.5,38.3
29047,18.2,18.4,29.1,31.2
48113,17.4,15.2,32.0,36.9
19151,23.6,20.6,30.3,32.2
32005,20.8,16.2,22.5,34.7
1023,13.6,24.6,37.8,41.7
28053,10.7,26.6,51.8,44.3
29043,18.1,20.0,29.9,32.7
18061,17.9,22.4,30.3,40.0
2068,18.7,17.8,19.9,31.7
29207,16.3,26.0,37.4,36.2
5129,14.7,25.8,36.1,36.6
21203,14.0,28.8,36.2,43.1
20181,18.6,16.2,27.8,34.5
22055,20.9,20.4,30.6,37.6
12133,16.7,25.9,34.8,43.4
47167,14.0,22.7,32.2,41.0
31033,21.7,17.0,29.8,30.9
35005,15.5,16.8,34.1,32.8
54065,15.0,24.0,29.8,40.8
55139,23.5,17.9,23.4,33.1
51083,16.1,22.0,32.9,39.8
51810,19.3,15.6,23.1,38.8
48399,18.1,18.4,33.5,36.3
21031,15.2,27.3,34.9,42.1
48411,18.5,19.9,34.3,37.4
31127,22.0,16.9,27.5,31.8
38081,25.1,17.5,28.9,31.7
51720,16.4,22.2,32.4,40.0
9013,19.3,13.6,21.3,32.6
55049,25.0,17.0,21.9,32.0
13121,16.2,13.9,23.8,35.6
16041,16.3,16.3,26.4,36.0
27117,22.1,19.5,24.0,31.0
17001,21.3,19.2,25.5,33.6
51153,15.8,13.3,26.6,41.3
36107,21.7,19.7,26.7,39.9
50003,20.6,17.7,20.8,34.3
26083,21.3,18.7,23.1,37.4
17035,21.9,21.1,27.7,34.8
51059,14.0,10.5,20.7,37.4
5065,15.9,24.0,32.1,35.4
13225,15.7,21.5,35.2,42.5
54031,14.0,24.2,33.6,44.5
1087,11.8,23.0,38.6,44.5
42045,19.0,17.2,24.3,37.9
19175,21.5,20.1,28.3,34.4
48123,17.8,19.1,34.7,37.6
19141,22.2,19.4,28.8,33.2
26019,21.5,18.7,24.0,36.6
20207,17.4,21.3,33.4,36.5
30039,24.6,17.8,21.5,31.8
51093,17.6,18.6,27.9,39.2
51113,17.3,20.1,28.6,39.8
37101,15.7,19.3,28.5,35.6
47015,15.0,24.3,32.7,42.3
19113,23.6,15.7,24.3,30.6
48475,17.7,17.3,35.2,36.7
28041,15.9,22.4,40.3,36.9
38047,23.6,20.1,30.6,32.8
51600,16.7,11.0,23.2,34.7
8013,16.9,11.1,14.6,26.6
13159,16.9,23.3,33.3,39.7
6091,19.5,15.3,23.4,33.2
36023,20.3,19.6,27.6,36.4
56041,17.1,18.8,27.8,35.9
47061,13.6,27.5,37.0,43.0
17065,22.3,20.3,27.6,33.7
48207,17.3,23.1,38.1,37.2
37057,16.7,22.3,29.2,36.5
27005,22.8,19.6,23.5,31.0
30103,22.4,19.7,23.8,33.1
13129,16.2,21.9,34.9,38.5
45073,18.6,20.2,27.9,36.8
21183,15.3,26.0,34.3,43.1
47103,13.9,24.0,31.9,42.7
39091,18.9,24.1,31.4,42.1
28117,14.2,24.8,41.6,37.2
39005,19.0,23.6,30.8,39.0
55089,25.8,13.1,18.3,30.2
4007,18.5,19.8,27.2,39.7
50025,21.6,18.0,18.6,30.0
55041,23.3,22.1,26.7,34.5
23007,20.4,20.2,31.3,33.5
37153,14.4,25.3,33.9,40.3
12087,23.2,17.1,26.7,38.0
16011,16.4,16.2,26.1,35.4
20087,20.1,18.3,28.2,33.7
31063,21.8,16.5,26.7,32.2
13309,16.5,26.0,39.8,42.8
51137,17.1,18.8,27.4,38.9
48347,17.4,20.1,32.6,39.4
29141,16.7,27.3,37.6,36.6
2195,19.8,18.1,20.5,33.1
37119,17.2,14.9,22.3,35.4
13193,14.7,26.0,41.5,45.8
6035,20.2,16.5,25.7,34.7
51103,16.5,17.9,28.1,38.2
51017,16.4,22.6,32.5,40.8
17153,18.6,23.7,34.3,39.5
35041,15.4,18.4,30.8,32.9
53015,15.0,19.8,22.2,37.1
22089,20.7,18.7,30.4,37.2
39071,17.0,28.5,34.3,41.4
27015,25.0,18.5,21.8,32.7
36013,20.7,21.5,28.9,38.1
37047,14.7,24.5,33.7,41.1
42133,20.3,19.3,27.3,38.9
20177,16.5,17.0,29.3,34.7
36033,21.3,22.0,30.8,41.3
17187,21.0,18.7,28.0,35.0
20031,18.6,18.0,27.4,33.8
13279,15.5,23.2,36.9,38.1
40127,13.2,25.1,39.6,41.1
16061,17.5,20.5,29.2,36.0
45063,18.5,17.4,26.3,37.4
13221,16.8,22.5,33.8,39.1
31001,22.1,17.1,30.0,32.5
28023,14.5,22.2,38.1,37.0
41015,20.1,18.2,26.7,34.2
29069,15.5,28.9,39.5,37.6
48177,17.3,18.4,36.5,37.5
45019,23.3,15.7,24.2,32.1
18125,17.2,23.0,32.7,37.2
24510,16.1,20.7,29.8,44.1
20007,18.0,20.8,31.6,36.1
41003,19.2,13.8,22.2,31.7
6065,17.3,12.5,26.2,38.4
22027,17.4,28.5,41.9,42.7
48441,17.7,16.7,28.9,38.1
54011,15.0,23.7,29.8,42.7
28095,14.3,22.1,40.3,38.1
47125,14.1,19.3,28.8,42.8
4015,17.8,21.0,31.1,39.3
40113,15.4,22.9,36.9,39.2
23025,18.4,24.8,34.4,37.9
39135,19.4,23.4,30.2,38.8
21035,14.5,22.7,32.9,40.4
27153,22.7,20.4,26.0,30.4
42123,19.8,22.5,27.9,39.8
51550,15.9,16.0,26.9,40.9
45053,16.1,21.5,34.4,42.4
29185,17.7,25.3,36.3,36.2
26117,20.5,23.1,27.2,43.7
12097,16.2,15.6,31.5,37.1
55019,22.4,21.0,28.9,32.8
19111,21.5,20.8,29.8,34.5
41037,18.5,20.2,29.9,34.6
28105,13.5,17.6,36.7,38.8
48241,17.2,23.2,32.6,38.3
36077,21.8,19.5,25.5,35.8
39057,19.0,18.6,26.1,38.0
48271,16.7,18.5,39.1,38.0
48505,14.7,18.9,44.2,38.9
31161,20.1,18.5,33.0,32.6
49031,10.3,12.7,25.1,34.4
35023,15.2,16.8,30.7,34.9
18149,16.6,24.1,35.2,38.4
51183,16.2,22.1,34.4,43.5
21231,13.4,29.1,39.9,44.5
54095,14.7,25.3,33.0,42.5
38017,21.7,16.1,22.8,31.3
26091,20.4,20.4,26.9,39.0
48137,16.8,17.9,36.9,36.5
29217,17.3,25.6,35.3,35.2
30097,23.8,17.3,21.7,32.0
47031,14.6,23.7,32.8,39.7
27025,26.9,19.1,21.3,31.1
16075,17.0,17.5,28.5,33.2
26045,22.1,18.1,24.8,38.4
18005,16.2,19.2,28.9,35.4
48369,16.9,17.2,36.6,37.1
20147,18.8,19.0,30.6,33.5
19049,21.5,12.8,21.7,29.2
53071,16.1,14.4,22.1,32.8
27143,23.9,18.9,23.3,29.9
48143,18.6,17.7,29.2,36.0
31135,21.5,16.2,26.9,29.1
20151,19.3,17.4,29.0,32.8
13265,14.9,25.7,39.8,44.9
40073,14.3,19.4,36.5,35.9
42059,19.9,23.9,29.5,40.6
40087,14.6,18.6,32.8,35.8
42079,20.3,21.7,30.7,43.0
46057,21.9,17.7,31.6,30.4
11001,21.9,14.2,19.9,36.5
28151,11.8,24.4,47.7,39.4
27055,25.0,18.1,20.6,29.9
20017,18.7,18.2,29.7,34.3
39111,17.8,27.5,32.6,41.2
18103,17.3,23.8,32.9,38.0
31041,19.9,16.9,30.8,31.9
51073,17.7,17.8,27.2,37.6
30083,24.0,16.5,23.4,35.6
51069,16.8,16.6,25.9,36.0
42093,18.8,20.4,27.1,37.4
1081,14.5,18.4,29.2,38.9
42015,19.5,23.2,29.5,41.1
37027,16.5,23.8,29.8,36.7
40009,13.9,20.3,38.2,38.0
46091,23.3,16.5,29.8,30.6
48063,17.6,18.5,31.9,38.1
8119,19.2,14.4,16.2,30.6
21139,14.9,26.7,33.9,40.7
48019,19.1,17.3,29.4,35.2
1053,13.9,24.6,39.1,42.9
29051,17.7,19.2,27.8,34.3
28161,14.1,22.7,40.5,39.3
20117,19.0,19.1,31.2,34.7
21217,15.0,25.8,36.7,43.5
8027,18.8,15.4,18.3,30.5
5095,13.3,25.9,39.3,39.5
17115,20.0,20.5,29.2,36.2
12065,19.0,22.6,32.4,38.7
51007,17.1,20.5,30.1,38.5
13007,16.0,22.7,36.3,41.8
50011,19.6,17.6,23.0,34.3
30063,24.8,16.2,18.2,32.0
6001,15.8,10.0,19.7,33.2
55113,23.6,20.5,26.4,34.9
38029,22.8,19.4,31.6,32.2
31183,21.8,18.7,31.4,32.9
1111,14.6,23.3,34.7,38.4
38073,22.6,18.5,29.8,32.3
5007,15.6,16.4,26.5,32.8
17075,20.7,20.4,29.5,35.1
53037,16.8,16.0,20.0,31.6
36053,21.0,19.2,26.3,36.8
13029,17.7,16.7,26.9,35.6
48171,19.5,15.4,26.9,34.2
5121,14.5,25.1,35.9,35.0
47007,14.7,27.2,37.7,42.4
5057,13.4,22.4,37.9,37.0
54023,14.6,25.9,33.6,43.2
26027,20.7,21.9,26.4,37.9
48483,18.4,19.8,32.6,36.8
35051,15.2,18.7,28.6,34.9
29081,17.0,25.4,37.6,35.0
39175,18.4,24.3,30.3,39.2
18069,17.2,21.6,31.3,37.6
13065,14.0,30.3,43.2,42.8
56035,18.4,17.2,23.4,33.0
18179,17.2,21.0,30.0,36.2
18169,17.4,23.5,32.8,36.5
48007,17.5,20.5,35.6,36.6
46109,19.1,24.9,35.0,32.0
1047,12.3,24.3,41.2,44.0
21005,15.8,22.9,31.3,42.8
29151,19.4,21.6,29.8,34.1
51683,15.7,14.8,29.1,37.7
40043,13.8,20.1,35.7,38.3
42037,18.7,22.1,27.6,39.6
46067,21.9,18.1,30.9,29.0
55077,22.8,19.7,26.0,34.2
47039,14.2,25.8,34.5,41.3
51760,17.7,17.8,29.5,38.6
38039,22.6,18.1,29.3,31.3
1017,13.8,23.6,36.9,40.5
36067,21.6,17.3,27.7,37.5
2100,18.9,17.9,19.6,31.3
21075,13.2,30.3,39.9,45.5
53007,15.2,15.3,22.4,29.5
29017,17.6,26.5,38.4,36.0
31071,23.2,16.2,26.1,30.5
39077,18.5,24.0,31.6,40.4
46047,20.3,19.4,33.3,31.2
47095,13.9,30.9,40.7,45.8
49019,11.9,11.1,20.8,33.4
16035,18.3,19.5,24.4,36.2
49039,10.7,13.1,24.5,34.1
8091,19.8,12.6,15.3,29.7
5017,12.6,25.2,38.9,41.2
1117,15.1,15.3,23.6,32.6
20053,19.5,18.0,28.4,36.7
12117,18.7,13.5,23.2,38.3
6099,18.3,14.2,30.5,33.8
8005,17.8,13.1,20.4,30.4
51195,16.0,25.5,36.7,42.9
46077,22.8,17.5,29.1,29.6
38103,22.6,18.2,28.9,32.2
13095,14.2,23.3,37.2,44.0
13251,15.9,24.8,36.1,41.7
48251,20.0,18.6,29.9,35.5
6043,20.0,14.8,22.4,33.5
17145,21.7,22.1,30.4,37.1
26127,18.8,21.9,29.8,38.9
47069,12.9,27.5,40.2,47.4
28079,13.1,24.2,44.5,38.6
20083,18.4,16.1,26.6,33.0
45029,16.7,24.8,36.0,39.2
26155,20.8,20.2,25.5,37.7
40135,12.6,26.8,40.8,41.7
48107,16.2,18.9,38.6,37.6
39047,17.3,27.1,34.7,42.1
31105,20.3,18.4,33.4,31.6
24001,17.4,20.1,30.4,41.3
21169,14.4,30.6,39.2,43.3
13185,16.3,20.3,32.7,40.2
46003,22.4,16.9,30.2,29.4
40063,13.4,25.4,40.9,42.1
48315,18.0,22.9,32.7,39.6
40105,14.6,24.2,37.8,39.7
24041,16.6,14.4,23.3,33.5
30019,25.7,17.5,21.4,33.0
18133,17.7,21.9,31.8,38.2
8055,16.6,15.2,23.6,32.3
12127,21.1,20.8,27.8,40.2
29061,17.3,25.6,35.6,35.9
20023,18.1,18.2,30.3,33.9
31015,22.0,17.4,29.4,30.3
51173,16.2,23.9,31.2,38.0
39155,17.2,26.8,32.3,45.4
39105,18.2,28.2,33.8,41.4
19087,22.7,19.1,27.9,32.8
17179,21.9,18.0,24.2,33.3
41045,17.1,19.6,33.6,36.7
12055,18.2,20.9,31.5,36.9
37007,15.0,24.2,34.1,41.9
42101,16.5,20.2,31.9,45.3
38093,23.1,19.3,32.4,31.0
26157,21.4,23.6,27.7,38.9
44009,20.2,16.0,20.0,35.9
48433,18.6,19.8,31.5,36.4
15007,21.1,14.7,25.1,38.1
47133,14.1,26.7,35.2,42.4
28087,13.1,19.5,39.0,39.9
28083,12.0,24.6,49.7,42.2
51530,15.5,25.4,34.6,40.1
48201,17.6,15.4,27.7,37.8
38009,23.7,18.2,29.5,34.4
49005,8.8,9.7,19.2,33.3
13303,15.7,24.6,37.7,44.0
38059,23.4,17.6,27.6,30.0
2164,16.7,29.3,28.3,37.6
21105,14.1,27.7,38.7,43.7
18039,14.1,19.8,32.0,37.8
6057,20.7,12.4,18.8,30.3
22097,17.2,26.9,38.1,41.0
30033,23.2,20.2,23.1,33.2
46121,15.9,38.2,42.7,40.6
19023,23.1,18.4,27.0,32.7
8085,16.6,17.0,22.4,29.3
22007,18.5,25.8,38.9,39.4
37037,16.3,15.9,22.9,33.8
38027,22.8,18.3,31.3,32.2
40023,12.7,26.5,41.4,42.9
51660,14.7,18.2,32.9,38.7
39161,18.9,23.3,29.9,39.5
41021,20.4,18.8,27.1,34.5
42029,18.2,13.7,20.2,32.8
22041,17.7,27.7,39.2,41.1
5081,14.2,22.9,34.8,38.0
46027,20.5,17.1,29.0,31.0
8111,18.6,14.9,18.4,30.6
27069,23.7,18.6,22.5,30.4
21013,13.0,33.8,44.0,44.3
42087,18.7,25.5,32.3,40.3
17051,21.1,23.1,30.9,35.9
30089,21.8,21.7,24.4,35.5
39119,17.0,26.1,30.8,41.2
18111,17.7,22.6,31.9,38.0
29059,17.9,26.1,35.8,36.1
42117,19.3,23.8,29.8,40.4
47179,13.9,21.0,30.0,40.1
48321,17.5,17.9,35.5,38.5
13123,17.1,21.2,30.0,35.7
9015,17.7,17.3,23.7,37.5
31143,22.2,16.5,27.8,29.4
26099,20.6,19.9,27.2,38.3
29189,17.8,16.7,26.8,34.6
37135,16.4,14.1,21.4,31.1
46049,21.4,17.5,29.8,29.7
31049,21.4,18.0,31.3,32.2
40049,13.7,23.0,37.4,36.9
48023,19.5,18.5,28.7,35.8
42023,19.6,24.7,30.2,40.4
13093,15.6,24.2,38.4,43.7
19089,23.2,19.0,28.1,32.3
13049,16.1,26.8,39.3,40.7
1073,15.2,17.6,30.4,39.7
20159,18.3,17.4,29.9,34.9
53061,15.5,13.8,19.2,33.9
48393,20.1,17.5,26.7,35.1
20125,17.4,20.6,32.2,35.9
21209,16.9,20.2,29.4,38.9
5115,14.5,20.8,33.1,33.7
19093,22.8,19.0,27.5,31.8
8035,16.9,9.8,12.9,26.9
48129,19.1,19.8,29.9,36.8
5071,14.1,24.8,38.1,36.7
25025,19.5,13.1,29.2,37.7
41051,22.0,15.1,21.1,30.5
1061,14.9,25.2,35.4,38.0
29127,16.8,23.4,33.9,37.0
27163,24.6,13.0,16.0,29.6
1103,14.6,20.6,31.2,36.4
30055,24.7,18.7,22.6,32.9
19059,22.3,16.5,24.7,30.7
47189,15.6,18.5,27.2,39.5
55105,22.7,17.5,25.6,31.7
29223,16.2,29.2,38.9,37.2
27133,23.5,18.6,20.8,29.5
48163,16.8,18.5,40.2,38.0
51830,15.6,15.6,25.8,38.9
13037,14.7,28.1,42.1,45.0
36097,20.3,21.0,29.3,35.7
50019,20.2,21.0,25.2,36.1
48427,13.6,20.8,47.7,37.4
19131,22.6,18.9,29.3,32.1
6009,20.1,15.0,21.3,32.4
38037,22.4,20.6,32.3,32.0
26145,18.4,21.3,27.1,40.2
37193,15.8,23.3,29.9,37.5
29089,17.7,22.2,32.7,35.4
5145,14.7,23.3,31.5,36.3
1039,14.8,24.7,35.6,37.7
22071,20.2,21.4,29.7,37.7
31039,21.9,16.9,29.8,29.3
13073,17.4,15.9,24.8,37.8
56027,16.2,22.8,32.2,36.2
26035,18.9,25.7,30.3,41.1
19003,23.1,20.0,28.0,31.9
39015,17.2,24.4,32.4,39.5
19157,21.7,18.0,26.1,31.4
32021,17.6,22.8,28.7,40.1
8057,18.2,17.2,20.9,32.5
48491,17.5,11.8,24.0,33.9
19153,22.8,17.4,24.6,32.0
28159,13.3,22.3,42.2,40.1
12107,17.5,27.2,35.9,41.4
17017,19.9,20.1,31.7,35.9
55031,23.6,18.2,24.7,32.1
18077,17.9,22.5,32.8,38.5
16027,16.5,17.7,29.9,35.1
48227,18.6,18.7,35.2,38.2
54047,12.1,33.7,43.6,47.4
8121,17.9,18.2,22.3,33.0
28071,16.1,16.9,33.6,34.5
36063,19.8,20.9,26.7,39.8
6049,18.8,17.2,26.0,34.3
48457,19.3,22.2,33.0,38.4
49047,10.9,13.8,25.2,36.4
12013,18.9,25.0,33.9,41.0
4021,18.1,17.4,31.2,39.8
6107,14.7,14.9,32.6,35.2
6113,16.5,12.2,24.0,31.5
1009,15.7,22.2,33.3,38.8
8099,15.9,16.5,25.7,32.4
40141,12.5,20.4,42.3,39.8
5031,14.5,21.6,33.1,35.1
20061,15.9,18.1,29.3,38.5
19025,22.8,19.7,29.4,32.7
37199,16.9,22.0,28.5,35.3
5051,16.0,21.0,31.8,35.3
27099,21.6,19.0,25.7,31.8
27001,21.7,20.6,23.1,32.0
12045,20.2,23.0,31.2,41.0
35039,15.5,16.6,29.4,34.6
29025,17.5,24.1,36.3,36.1
31007,21.7,15.2,27.3,31.8
45037,17.8,20.8,31.3,37.9
40111,12.8,24.0,39.2,40.3
13243,13.2,28.0,42.5,45.7
8047,19.3,13.2,16.1,28.9
12079,17.3,24.2,35.5,41.7
2130,19.4,19.5,21.5,32.1
19037,23.3,19.2,28.0,32.1
6019,14.8,14.3,29.4,38.0
48447,18.9,19.1,29.9,35.7
13103,18.6,19.9,28.0,38.2
27043,23.7,19.5,24.0,29.9
31079,18.4,14.9,33.8,30.6
39055,20.6,19.1,26.2,36.9
48099,18.1,19.2,30.9,39.7
29157,18.8,23.0,32.5,34.9
48363,18.1,20.4,32.5,36.6
22119,17.9,26.3,37.3,40.6
20019,17.9,22.2,34.2,36.0
13177,18.1,18.7,28.1,37.0
28019,14.5,21.9,39.8,38.5
18141,16.9,19.8,30.0,36.3
46111,22.7,18.1,30.1,30.0
21127,13.9,31.3,38.7,45.4
17139,22.3,20.4,26.9,34.9
46011,21.3,14.3,26.9,28.1
21081,15.2,26.1,36.5,42.0
53017,16.3,15.9,23.9,33.8
26115,22.3,20.5,24.8,39.3
31113,21.4,17.7,29.0,31.1
13027,15.1,22.5,36.0,42.0
24011,15.1,20.1,30.6,40.2
51197,17.0,21.4,31.0,37.5
39097,20.0,23.1,30.3,40.7
46087,21.6,17.7,29.7,29.7
48383,17.9,15.3,34.6,36.7
37003,16.7,22.4,29.2,36.1
54077,15.0,24.8,31.5,42.8
19079,22.1,17.7,27.4,31.4
41031,18.3,18.5,29.4,36.9
20145,19.2,18.5,30.2,35.9
17081,21.0,20.9,29.0,35.7
49037,8.7,16.8,24.5,39.6
28145,15.7,21.4,39.5,36.8
48193,18.9,20.5,30.9,36.6
13295,17.3,23.4,33.3,39.9
21145,15.6,22.5,32.3,41.5
38101,22.3,17.5,28.0,34.0
17203,22.9,16.3,22.8,32.1
18047,18.2,22.3,29.9,37.3
45049,15.6,24.3,38.9,41.8
48291,17.9,21.6,36.5,38.9
22105,18.5,22.9,34.1,41.6
54107,14.6,23.0,30.8,40.8
20135,17.7,18.1,30.2,33.5
38063,24.1,18.0,28.1,32.1
27065,23.2,21.6,24.1,32.9
39041,18.1,15.0,20.9,36.4
30025,25.8,17.9,21.4,33.6
2282,18.0,22.5,23.0,36.1
48257,18.7,17.6,29.3,36.2
49013,11.0,13.7,26.1,33.7
19015,23.6,19.0,26.5,32.2
8077,18.7,17.9,20.9,32.5
19195,22.8,18.3,27.7,31.8
31177,22.5,15.3,27.1,30.1
48053,19.6,16.5,28.5,34.8
20081,16.2,18.0,34.6,34.1
13059,16.8,18.8,29.7,38.2
21201,14.8,26.7,35.8,41.7
37081,14.9,18.7,27.5,37.8
13017,15.2,24.3,38.8,41.2
17059,20.7,23.7,31.3,36.2
45075,15.0,20.6,33.4,43.2
19101,20.4,17.1,28.4,33.7
18063,17.9,16.5,25.5,34.8
18087,16.4,25.2,36.4,36.9
26011,20.2,24.1,28.9,38.8
47149,15.1,19.2,27.2,42.2
41067,19.5,12.2,20.7,30.9
20199,18.8,16.1,27.3,32.2
39169,19.7,22.9,29.9,38.6
40057,12.5,18.4,39.3,38.2
50009,20.1,22.7,26.7,35.4
27077,23.5,20.2,23.4,30.4
48417,19.7,18.3,27.3,35.4
13157,18.3,20.3,28.7,36.6
56019,19.0,16.7,24.7,31.4
36003,21.3,21.7,28.9,39.6
37175,17.5,20.1,25.5,34.7
12027,16.6,22.8,38.1,39.4
22033,21.3,19.0,29.9,39.8
54067,13.5,26.3,31.2,42.9
35061,14.8,16.3,28.2,34.0
26061,21.0,21.4,26.2,38.2
53027,17.3,19.0,22.7,36.0
47005,14.1,27.8,36.0,41.6
26075,21.0,22.8,27.8,39.3
16049,19.6,19.5,28.9,34.1
22079,19.8,22.2,34.8,39.3
13083,18.5,22.9,31.6,36.3
55021,25.1,17.6,23.0,32.6
49053,10.0,9.4,19.2,32.8
29099,19.3,22.5,31.2,35.6
19143,23.1,18.6,28.9,32.7
51057,14.7,22.2,35.6,43.1
48155,18.4,19.5,31.3,36.8
51165,17.9,18.1,28.6,36.3
27141,23.1,16.3,21.6,31.0
47115,15.4,26.2,32.1,42.0
29109,16.8,24.1,37.5,36.5
17003,19.0,23.5,33.9,40.0
27129,23.3,19.3,23.8,30.3
29201,16.1,24.5,39.5,36.2
42043,18.3,18.9,28.3,38.7
21053,13.9,30.6,41.6,44.1
13287,15.1,25.4,38.4,41.7
47079,13.8,26.8,35.4,42.2
37173,15.9,26.3,30.7,38.6
17099,22.3,19.2,28.6,35.9
29135,18.3,22.2,32.9,35.1
27087,21.2,29.8,30.1,35.0
13147,17.0,23.7,33.4,39.9
48121,19.1,13.1,24.1,33.5
20041,20.1,18.7,30.6,36.9
20209,16.3,20.1,39.4,40.9
29035,17.8,25.2,35.2,35.0
37067,15.2,17.9,26.7,37.6
18053,16.1,23.2,33.2,37.9
54057,15.4,23.0,32.9,41.9
19067,21.2,20.0,29.1,31.7
47159,14.4,25.2,35.1,40.8
5041,11.9,26.2,40.5,40.4
1095,14.1,22.3,36.2,37.9
1031,15.1,20.7,33.3,37.4
37071,15.2,21.1,29.6,37.6
5105,15.2,23.8,33.7,36.5
6029,15.8,15.1,33.0,34.3
48033,21.2,13.4,22.0,33.4
19123,20.2,19.4,26.9,31.2
31119,19.5,15.5,29.8,31.9
2016,17.1,16.8,23.8,35.9
29510,17.2,19.8,32.2,36.8
48329,18.0,14.1,28.6,34.9
51091,17.9,19.9,27.8,37.2
20189,16.1,18.7,37.3,35.5
1125,15.5,20.2,31.3,41.8
36105,19.3,18.7,30.8,42.2
28061,12.9,22.6,41.2,39.6
21023,15.5,26.4,36.3,43.3
5135,14.5,27.3,37.1,37.1
26137,20.1,20.7,25.2,38.8
55059,22.5,17.4,24.4,35.6
55131,26.1,14.7,19.9,30.6
8065,16.6,16.0,23.0,31.8
37025,16.3,17.0,25.3,34.9
17193,21.3,21.5,28.3,35.4
47113,12.9,21.2,32.5,41.4
36115,20.8,19.9,27.8,37.9
48353,17.6,18.6,34.3,36.8
13113,17.5,13.8,23.0,37.1
19165,24.3,18.4,26.8,31.9
29045,17.9,25.6,35.2,35.0
27171,23.0,15.6,19.8,27.5
42053,19.3,26.3,34.5,43.4
30047,21.6,21.2,21.6,33.5
22015,18.9,21.6,29.1,38.6
13233,16.7,23.4,35.6,38.4
46023,19.7,23.8,35.4,33.2
12099,19.2,14.9,24.4,37.5
17025,21.1,21.9,28.7,35.3
40015,13.2,23.4,40.1,39.2
2230,19.3,16.8,20.2,30.7
5001,14.1,23.7,33.6,35.6
54043,13.7,27.8,36.1,45.5
27035,23.0,20.7,22.5,30.1
8019,19.3,13.7,16.4,29.6
6083,18.0,11.7,23.9,30.5
30017,21.8,18.5,23.4,33.3
48463,16.2,16.5,37.2,37.2
12005,19.4,22.1,30.9,39.8
13201,16.1,23.7,34.9,40.9
48299,19.7,18.5,28.3,35.4
51121,16.7,17.8,26.4,39.0
48235,19.9,17.2,29.1,35.5
19029,21.9,21.0,28.1,32.3
27013,23.7,17.7,22.6,29.0
12037,21.6,25.0,33.4,39.7
5023,16.1,24.4,32.2,34.3
45011,16.0,24.2,35.5,42.7
30111,21.9,17.5,22.5,31.7
13167,16.7,27.0,38.5,42.2
37109,16.6,19.3,25.5,36.1
27107,23.5,19.9,23.4,32.3
20105,18.5,18.5,28.5,33.4
37145,16.1,22.1,29.7,38.2
48081,18.8,18.9,30.7,35.8
51127,17.8,17.5,25.4,37.7
12071,20.5,17.2,26.9,36.8
2170,17.5,19.8,23.9,33.4
20095,19.7,17.0,27.2,33.2
37111,16.6,23.2,29.6,36.4
21033,15.6,25.2,33.6,42.0
20071,17.9,15.7,29.1,33.6
55097,24.0,16.6,23.0,32.2
40151,14.2,18.0,34.2,36.5
31167,23.9,16.3,27.0,29.2
31055,21.0,15.9,27.2,32.2
51141,16.8,22.2,30.2,40.5
23015,19.6,19.2,29.4,33.6
39063,18.3,21.1,26.9,39.1
9003,16.4,13.2,24.0,35.4
48335,19.2,18.9,34.7,37.7
28125,11.2,24.7,47.1,44.2
17129,22.4,18.0,24.5,33.9
54013,13.5,28.6,36.5,44.0
29165,17.5,15.4,26.1,32.8
13317,15.0,24.0,37.5,42.3
38057,24.4,18.3,29.8,31.3
51095,17.6,13.1,22.1,36.2
51025,15.0,23.1,35.3,43.5
47017,14.2,24.5,35.2,43.1
36041,20.4,21.9,29.7,35.3
39033,18.5,26.1,30.6,42.0
6059,17.0,10.4,21.6,34.3
47021,15.4,22.0,29.8,39.5
41061,19.5,17.9,25.8,35.4
29015,18.2,24.9,35.2,35.9
21089,15.6,23.7,33.0,41.3
42107,19.5,23.7,29.4,41.3
18157,16.3,17.7,30.0,38.6
16019,15.1,15.7,24.5,35.2
28031,13.6,24.0,42.6,39.2
17089,21.3,14.9,27.4,32.1
48185,18.6,21.1,33.5,37.7
33011,19.3,15.4,22.0,36.3
37055,18.2,16.7,21.9,32.5
18117,17.0,25.3,35.7,38.0
17163,20.9,18.4,30.0,38.3
47051,15.2,22.9,30.7,43.4
55011,24.4,19.1,24.9,33.4
40079,13.3,24.5,41.7,41.9
51029,16.1,23.3,34.0,42.2
45071,17.1,21.3,32.2,39.8
13213,16.3,23.3,35.1,38.3
21191,15.8,25.1,32.8,41.8
54003,15.2,22.4,30.1,41.7
40121,14.1,24.0,36.8,40.9
24025,17.5,15.8,23.9,38.1
28097,13.6,22.9,43.1,39.3
35031,13.8,24.6,29.9,37.7
39127,19.3,27.5,33.3,43.4
6073,18.4,11.0,22.4,32.0
39089,18.6,21.8,29.5,39.7
16083,15.2,16.6,28.7,34.9
28135,13.0,25.6,48.0,43.0
55001,23.7,20.4,27.5,34.6
47085,15.2,25.1,33.2,42.0
13223,17.5,18.4,29.4,38.8
13137,17.4,20.5,34.0,37.7
21153,13.5,31.6,41.0,44.2
12089,21.4,18.8,26.0,37.1
18023,16.1,21.1,34.1,37.3
6093,19.1,15.6,23.8,33.1
37045,15.7,23.4,30.2,38.5
53055,17.3,12.1,15.7,29.1
54087,13.6,27.2,34.7,45.1
19187,23.0,20.3,27.8,34.0
40093,14.5,18.8,33.6,35.7
4009,17.2,17.4,30.2,36.2
48265,17.9,16.4,28.9,36.1
21043,14.6,28.9,40.9,44.7
28033,15.6,17.3,32.3,36.9
36085,16.7,15.5,30.4,43.6
20169,17.9,17.4,29.7,32.5
48497,19.0,18.3,30.3,35.6
