CountyFIPS,MHLTH,PHLTH,GHLTH
40065,15.0,13.8,22.6
17101,15.8,13.9,20.9
20009,15.4,12.5,20.0
2020,12.4,10.1,15.3
40137,16.7,14.6,22.2
54059,24.1,21.2,31.7
27017,13.5,11.3,15.2
31023,11.9,9.9,13.5
21087,19.6,17.9,26.7
51005,17.4,14.5,21.5
48215,14.8,16.7,34.3
29209,17.2,14.5,20.5
29037,15.2,12.4,17.7
47049,20.7,18.2,26.8
19041,13.3,10.5,14.5
36103,12.3,10.6,15.3
27047,13.8,11.7,17.6
31129,13.4,11.5,16.4
39103,15.3,11.3,15.1
28021,19.6,18.2,33.3
17069,17.1,14.3,20.7
48179,15.8,15.1,26.3
21063,21.2,20.5,31.1
28137,17.6,14.1,23.6
12091,15.6,13.0,17.9
48443,13.9,13.8,25.5
27111,12.8,10.2,14.4
5055,19.1,16.1,23.1
51145,13.9,10.8,15.7
35053,16.4,15.8,25.6
23027,15.8,13.4,17.2
22111,18.5,14.9,23.7
42103,14.4,12.0,17.7
42125,15.1,12.1,16.8
55013,14.8,11.9,15.7
18127,14.2,12.0,17.3
45051,15.4,14.1,20.1
4011,14.0,13.0,21.1
45041,15.7,14.3,21.4
54033,19.8,16.0,22.9
39133,16.9,12.9,17.8
40001,21.1,20.4,31.8
28107,18.3,15.5,26.8
38083,13.2,11.7,17.8
30071,16.0,13.6,17.7
49003,14.3,12.1,16.3
39059,19.3,15.5,22.2
33007,16.7,13.4,17.8
38011,11.6,10.2,15.2
42039,17.1,14.1,19.9
13187,17.8,14.6,19.9
29153,20.2,18.5,26.9
21225,18.5,16.7,25.0
12057,14.8,13.3,20.7
31151,13.1,12.5,20.2
46102,20.0,22.8,35.3
51115,15.0,12.0,17.2
26013,18.2,15.2,21.1
19115,13.0,11.1,17.5
20043,15.7,12.2,18.4
51580,16.9,14.0,21.1
12029,19.9,18.0,26.7
17067,15.7,12.6,17.2
21077,18.4,16.4,24.5
8011,15.2,16.0,26.1
47071,19.9,17.6,25.9
37019,14.3,11.5,17.1
20011,16.9,13.4,19.9
36025,15.8,13.1,18.5
27003,12.3,9.3,13.1
49021,15.4,13.3,17.9
48145,17.2,16.3,29.0
13267,18.9,17.6,28.0
36045,15.5,13.0,18.7
47143,19.6,17.0,25.2
46137,18.4,19.7,30.2
47105,16.5,14.1,20.8
21181,21.1,19.7,29.6
20149,13.7,10.2,15.1
37185,17.0,15.6,26.6
13165,20.9,19.8,31.6
48073,16.2,15.2,26.0
6097,12.3,11.0,15.7
48043,12.6,12.0,21.6
20107,16.4,13.0,19.8
1001,17.1,14.2,20.1
23005,13.5,10.5,13.1
45031,16.6,15.1,23.4
18161,16.7,13.9,20.0
16009,17.1,15.4,19.8
17143,14.6,12.4,17.9
35043,13.6,11.9,18.0
26129,19.5,16.0,21.5
37133,14.8,12.8,20.1
37121,15.8,13.2,19.8
2198,16.7,15.1,23.2
29133,19.7,18.7,29.5
42073,16.7,13.6,19.2
29143,19.4,17.2,26.5
21235,19.4,17.6,25.7
31065,13.8,11.8,17.5
13191,18.0,15.0,22.2
12067,18.7,17.4,26.9
42013,16.9,14.1,19.8
46005,12.0,11.0,17.5
36055,13.8,11.3,16.6
24017,13.1,10.7,16.9
39069,16.4,12.8,18.7
32007,14.5,12.7,18.9
13045,17.9,15.1,22.0
20179,14.3,10.9,16.0
5119,16.6,14.1,21.7
24039,17.3,15.6,24.9
13277,18.3,16.4,25.3
22091,18.9,15.6,25.8
42131,16.1,13.0,17.9
47169,17.5,15.0,22.4
16063,15.6,15.9,24.0
53047,15.9,15.3,22.5
18131,16.9,14.5,21.3
55051,15.1,12.1,15.7
37069,14.9,12.8,20.6
21025,21.6,20.7,30.6
41005,13.7,10.4,15.1
39149,17.4,13.4,18.8
51730,17.0,15.8,27.3
29229,20.3,18.6,27.4
28011,19.3,17.4,31.1
5009,19.0,16.2,22.7
39123,16.4,13.0,18.1
17177,15.6,12.9,18.3
18067,16.0,13.7,19.9
26119,19.1,15.0,20.1
36109,13.3,10.9,14.7
6063,14.2,11.8,15.8
8063,14.1,12.1,17.3
41047,15.3,13.6,21.8
48199,15.9,13.0,20.9
21151,16.8,14.8,21.1
50005,14.8,12.4,15.5
29079,17.3,14.9,21.3
48243,13.5,12.6,22.7
47135,21.1,19.2,28.3
46041,17.3,17.7,28.8
46069,11.6,9.4,13.5
51185,17.7,14.9,22.1
39039,16.5,13.2,19.3
28085,17.9,14.4,24.5
48507,16.8,20.0,40.3
35025,15.3,14.8,24.8
48273,14.1,14.9,28.9
30041,16.8,14.4,18.7
21003,18.6,16.9,24.8
48009,15.2,12.3,18.6
54097,21.4,18.0,26.5
53001,15.6,16.9,29.6
48135,13.7,13.5,25.9
28001,18.0,16.6,30.5
28043,17.8,14.4,24.9
9001,11.5,9.3,13.3
51790,15.0,12.0,17.2
29173,16.9,14.2,20.1
37099,15.8,13.3,19.4
42009,17.2,14.1,20.1
55101,13.6,11.3,16.2
18089,15.0,14.1,22.6
21161,17.8,15.5,22.5
48297,15.0,14.7,27.5
29123,17.7,15.1,21.7
48307,15.4,14.5,25.6
38049,11.8,10.1,14.3
1011,18.9,18.0,31.1
31149,12.1,9.5,12.9
55121,13.9,11.2,15.0
19169,12.4,9.8,13.0
54041,21.5,17.9,25.9
24027,10.8,8.3,11.0
13127,16.8,14.1,20.2
5019,18.3,15.5,23.0
39113,17.5,13.9,20.8
42077,14.4,12.8,20.4
8007,12.5,10.5,14.4
29219,16.7,14.2,20.2
39143,17.1,13.9,20.1
51035,17.0,14.2,20.9
22059,19.6,16.2,25.3
12119,14.4,12.2,17.0
26077,16.0,12.4,16.2
19179,14.0,11.9,17.9
13109,20.0,18.3,28.8
17121,16.9,14.0,20.0
13253,18.9,16.3,24.2
46039,11.4,9.5,13.9
37163,16.4,15.3,26.2
51071,16.2,13.0,18.5
29101,15.5,13.2,18.4
17039,15.5,12.5,17.6
31077,12.8,10.2,14.2
8049,12.9,10.4,13.6
17165,17.3,14.8,20.8
26149,17.9,14.6,20.2
6033,15.6,14.5,21.8
17005,15.2,12.8,18.3
28073,15.9,12.4,19.4
21097,18.6,16.5,24.2
19145,13.3,10.6,15.5
22121,17.0,13.1,21.0
29007,18.0,15.4,22.4
29029,16.5,13.9,19.3
1021,19.0,16.6,25.1
40129,16.7,14.3,21.4
31103,13.1,11.0,15.4
54051,20.0,16.4,23.0
21171,19.7,18.1,27.1
28051,21.2,20.1,37.1
31035,12.7,10.8,15.7
30021,14.6,11.7,14.6
12131,17.0,14.2,20.3
12129,17.0,14.4,20.3
1113,18.7,16.0,25.3
31003,12.8,10.7,15.2
56003,14.1,12.1,17.6
55005,14.8,11.9,15.9
22049,19.7,16.3,25.8
48169,14.6,15.6,30.6
48327,14.7,14.0,25.6
32019,15.7,13.9,20.2
26159,17.6,14.4,20.0
13297,17.2,13.9,20.0
54025,20.6,17.1,24.6
38091,10.9,9.0,12.6
56033,12.9,10.4,14.2
15009,12.8,10.8,15.9
5063,18.7,16.5,23.8
48435,13.2,13.1,25.8
51540,14.6,12.4,18.3
54105,22.6,19.0,27.8
31163,13.2,10.8,15.3
36079,12.1,9.8,14.2
13231,17.2,13.1,18.1
40107,19.8,18.6,29.1
22103,15.8,11.9,17.7
38019,11.9,10.3,14.6
19017,12.3,9.3,12.3
45001,17.0,15.5,23.4
18037,14.9,12.5,18.2
47041,19.0,17.0,25.9
51680,15.7,13.4,20.8
26089,14.3,10.7,13.3
40021,18.6,16.9,25.7
47013,20.9,18.6,27.2
36089,16.0,13.8,19.2
48379,16.1,13.5,21.4
13173,19.3,16.8,24.9
26005,16.5,12.7,17.6
19051,14.5,11.5,16.8
27027,12.8,10.2,14.1
47097,20.6,19.3,30.7
48209,12.7,11.6,20.1
40075,17.6,16.0,25.4
26059,18.7,14.9,19.7
18003,15.1,13.1,19.4
37059,14.9,12.2,18.5
37197,16.4,14.1,22.0
47063,19.1,17.4,26.5
32031,13.8,12.2,17.4
27057,13.5,11.1,15.2
56005,13.4,11.5,16.3
18101,16.7,13.9,19.7
20051,14.6,11.2,16.4
30085,20.1,18.5,25.5
48115,16.0,17.2,33.2
51171,15.7,13.0,19.3
20115,14.5,10.8,15.7
21141,18.2,16.2,23.9
37129,14.5,11.6,17.0
51049,16.7,14.2,22.2
12043,18.1,18.0,28.4
38105,11.0,10.0,15.4
13307,18.5,16.0,24.9
27081,13.6,11.1,15.5
5085,17.5,14.5,20.8
40031,15.9,14.3,23.0
29049,15.6,12.6,17.8
25011,14.7,10.9,14.3
20085,15.0,11.6,17.2
45089,17.1,16.5,27.8
28115,17.8,14.6,24.5
17151,16.4,13.7,19.6
48105,13.4,13.2,26.0
19081,12.9,10.3,14.3
5127,20.4,18.5,28.6
21205,20.1,18.4,26.4
13035,19.0,16.6,25.0
24009,13.1,9.9,14.2
31185,12.2,9.8,14.1
55111,13.8,11.1,14.8
20021,16.5,13.1,19.6
5149,19.3,18.3,28.7
36015,15.5,12.9,18.0
41017,14.2,11.3,15.9
45065,15.1,14.4,22.7
21017,17.7,15.9,23.8
48401,15.4,13.8,23.4
53039,14.7,13.1,18.0
39007,19.6,16.5,24.7
47009,17.4,14.4,20.3
37049,14.7,12.8,19.6
47127,17.8,14.8,21.2
26025,17.6,14.2,19.1
22029,20.8,17.9,29.2
48481,15.3,15.0,27.5
48051,14.9,13.2,22.5
1085,20.3,18.8,31.5
53065,15.7,13.8,18.3
41039,15.8,12.8,18.6
27155,13.3,10.8,15.1
29186,16.6,13.7,19.4
18171,15.8,13.0,18.4
28081,16.4,12.7,20.9
18025,18.8,16.6,24.9
38061,12.2,11.5,17.9
19105,13.7,10.9,15.6
13063,17.2,15.7,25.8
1049,20.0,18.1,27.3
20171,14.0,11.3,18.4
19193,12.8,10.9,17.1
55081,14.3,11.6,15.6
21107,18.3,16.4,24.1
8087,13.8,12.9,20.4
30031,12.9,10.2,11.7
38041,13.1,11.4,16.8
37091,16.5,15.2,26.2
30105,15.7,13.1,16.6
30095,14.1,11.3,14.0
37063,12.6,10.9,17.7
51139,17.4,14.4,21.3
27091,13.7,11.3,15.8
30007,14.8,12.0,15.1
27145,13.6,11.2,15.0
8113,11.3,9.0,11.3
39079,20.2,16.5,24.3
56043,13.3,11.5,17.3
31141,11.4,10.0,16.0
28149,16.9,14.0,24.3
12001,15.4,13.7,18.7
40085,16.9,15.4,24.7
16029,15.1,13.3,17.0
27105,13.1,12.4,20.9
47177,19.6,18.0,27.3
46079,11.3,9.4,13.6
39049,15.2,12.7,18.1
51011,16.1,13.1,19.6
29093,19.1,16.7,24.4
37155,19.5,18.8,31.8
50027,13.9,11.0,13.4
13101,18.2,17.2,27.5
35015,14.6,13.3,21.6
40011,16.9,15.1,24.2
1075,20.1,17.3,24.9
37029,15.3,12.3,18.6
29071,16.0,13.0,18.3
26069,18.5,14.8,20.0
31099,12.0,10.0,14.2
48017,13.2,12.9,25.1
46089,12.9,11.0,16.4
25023,13.9,10.4,13.6
30051,18.2,15.8,21.1
28163,17.9,17.0,31.5
1051,17.0,13.8,21.0
26047,16.2,12.3,15.4
51101,15.1,11.9,17.4
36119,11.6,10.1,15.8
17113,13.7,11.0,15.3
53009,15.1,13.1,17.4
8025,14.3,14.9,24.6
48263,13.8,11.8,19.4
13005,20.3,18.0,26.5
30061,17.1,14.6,19.2
1105,21.1,20.0,32.4
21125,19.9,18.1,26.5
28017,18.8,16.3,28.9
18055,17.0,14.6,20.8
26113,18.4,14.5,19.4
1029,19.3,15.9,22.9
31111,12.2,10.3,14.7
48161,16.1,14.6,24.6
45025,17.5,16.3,25.9
51520,17.8,15.3,22.4
54075,21.5,18.0,26.5
16039,15.6,15.0,20.7
28059,16.3,12.7,20.6
48425,15.1,13.3,21.5
50017,14.6,11.5,14.2
37191,16.0,14.2,23.6
38099,12.4,11.5,18.3
5147,20.4,18.2,27.9
48351,18.3,16.2,26.1
32029,13.8,11.3,15.0
56025,13.1,11.2,15.8
31013,12.8,10.9,16.8
26135,19.3,15.5,21.1
55137,14.5,12.2,17.1
48289,16.9,15.2,25.1
18045,16.4,13.8,19.9
45047,16.4,14.9,21.8
18177,17.3,15.0,22.0
54109,23.6,19.6,29.3
42051,17.8,14.8,21.6
48465,14.7,16.0,32.3
12105,16.4,15.2,24.0
13239,20.7,18.5,30.0
36087,12.4,11.1,17.0
55029,12.8,9.9,12.9
4027,15.2,15.5,27.2
48371,13.9,14.4,29.0
37035,15.0,12.8,20.1
47147,17.3,14.7,21.7
27033,13.6,11.6,16.7
47033,19.3,17.6,27.2
36065,15.0,12.6,18.1
26067,17.1,13.7,18.8
41019,17.0,14.0,20.5
16073,15.9,16.1,23.8
27019,10.5,8.0,10.6
17049,15.0,12.0,16.4
19099,13.2,10.3,14.5
29057,18.9,16.7,24.2
42061,16.3,13.7,19.8
20059,15.3,11.5,17.3
18011,12.9,10.1,14.1
18109,16.2,13.3,18.5
19027,13.0,10.1,14.3
5029,19.3,16.6,24.5
12051,17.9,19.2,33.9
48319,13.9,12.4,20.7
56013,14.3,12.5,17.2
35059,15.1,14.3,23.4
26165,18.5,14.7,19.5
26097,18.2,14.8,20.1
40109,14.7,13.1,20.8
29187,17.5,15.1,21.9
28109,17.4,13.8,21.8
48079,16.6,17.7,34.2
55083,14.5,11.4,15.3
47121,19.4,16.6,24.1
36009,16.8,14.0,19.7
51163,16.0,13.1,18.8
20093,15.7,14.0,25.0
12077,18.6,17.9,27.5
23029,17.5,15.2,20.7
38005,16.6,17.0,26.3
47077,19.9,17.4,25.9
39167,18.0,14.4,20.1
6021,14.9,14.6,24.1
28123,18.8,17.0,30.7
21133,21.5,20.7,30.3
22039,21.3,18.6,30.0
54103,21.8,18.2,26.4
20123,15.0,11.5,16.6
48445,15.8,16.6,31.9
48097,14.9,12.8,20.7
45081,16.1,15.9,25.4
13315,18.7,17.2,26.9
13149,19.3,15.8,22.8
5093,20.2,18.4,28.6
48361,16.2,13.2,20.5
29125,17.5,15.0,21.2
46119,11.6,9.5,13.4
37065,17.5,16.1,27.7
19057,14.5,11.7,16.4
48337,16.5,14.2,22.4
20029,15.6,12.1,17.7
16017,15.7,13.7,17.3
55103,15.0,12.2,16.3
35009,16.0,15.0,23.8
48381,13.1,11.0,17.5
17087,15.5,13.2,19.5
19129,13.3,10.3,14.0
37005,17.4,15.7,24.7
27131,12.8,10.5,15.0
51077,17.7,15.5,23.5
40077,18.5,16.4,24.6
46085,14.4,13.2,20.3
21189,20.9,19.7,29.4
29063,15.8,14.2,21.6
6007,15.2,13.3,18.6
1041,19.1,16.2,24.6
22069,20.0,16.8,26.6
26033,18.2,15.5,21.0
39013,17.9,14.2,20.5
48059,15.5,12.9,20.1
27011,14.0,11.3,15.7
31101,12.6,10.5,15.5
13071,19.4,18.2,29.0
19163,12.5,10.1,14.1
37001,15.2,13.2,21.1
48489,16.1,18.8,38.4
28157,20.0,19.0,35.1
1093,20.0,16.7,23.8
30023,16.5,14.6,18.6
20163,15.2,11.5,17.2
2275,15.2,12.7,19.0
46025,12.2,10.4,15.5
17023,15.7,12.7,17.5
27067,13.1,11.2,16.6
29179,18.6,16.2,23.5
21041,19.2,17.9,27.0
8079,12.3,9.8,12.0
18147,16.1,13.3,19.3
31175,12.4,10.5,14.8
27169,13.3,10.7,14.8
19185,15.5,12.8,18.3
55075,15.2,12.3,16.2
13061,22.2,21.0,33.3
22005,16.3,12.1,18.6
48225,17.2,16.2,27.7
51650,14.9,12.5,19.8
12011,14.8,13.4,21.5
37083,17.9,16.7,28.4
5083,19.6,17.4,25.2
29171,17.0,14.6,20.7
54045,23.8,20.4,31.3
47185,19.9,17.5,25.7
48415,14.8,14.4,26.3
6085,10.0,8.8,14.2
40055,16.7,15.5,25.0
38069,12.5,11.3,16.5
30087,17.3,15.0,20.0
8089,14.7,14.4,22.8
33019,15.6,12.1,15.8
13125,19.8,16.3,23.2
42115,16.6,13.6,19.3
35037,15.9,15.1,24.0
29023,19.4,16.9,25.4
1115,18.2,14.9,20.6
53073,14.4,12.4,16.3
10001,15.8,13.6,19.9
27097,13.9,11.2,15.6
37147,15.3,13.2,20.8
2122,14.7,12.1,17.7
36095,15.3,12.5,17.4
51067,16.2,13.4,19.6
46055,13.4,11.5,16.7
48021,14.1,13.2,23.4
21215,16.0,13.4,19.0
8033,14.1,11.3,14.6
26003,17.2,13.9,19.3
36039,15.3,12.9,19.1
1059,18.7,16.6,25.8
51019,14.5,11.6,16.3
47057,20.1,17.6,26.0
38035,12.0,10.8,15.4
40095,17.3,16.0,25.8
41029,15.7,13.3,18.8
6061,12.1,9.9,13.6
29013,17.4,14.9,21.8
51820,16.1,13.8,21.2
41059,15.9,14.5,24.0
28029,18.0,15.1,26.6
13179,17.1,15.2,23.6
20073,15.8,12.3,18.3
48187,12.7,11.4,20.3
37113,15.4,12.9,19.3
13215,17.3,14.8,23.0
5107,21.5,20.9,33.0
28129,18.5,15.0,24.8
26143,18.7,14.9,19.8
18119,17.7,15.1,22.4
31021,13.0,10.9,15.6
49035,14.1,11.5,15.9
45017,15.5,14.0,21.4
31121,13.0,10.9,15.6
38075,11.6,9.9,14.1
19001,13.8,10.8,15.2
39125,17.2,13.6,19.4
55057,15.2,12.8,17.6
35029,16.8,17.2,29.9
5137,20.9,18.2,26.6
28099,20.1,17.4,28.4
39095,17.9,14.9,21.7
16081,12.2,11.0,13.9
27119,13.3,11.0,15.3
54009,19.6,15.6,22.0
13115,17.9,15.5,23.4
37043,15.8,13.1,19.1
49011,12.9,10.8,14.6
21095,22.7,21.8,32.6
21233,19.4,18.1,27.1
51155,16.0,13.1,18.8
30069,14.3,11.4,14.0
12003,18.4,15.6,22.5
47083,20.2,17.5,26.1
12113,16.0,13.3,17.9
42031,17.1,14.4,20.2
48255,14.0,14.3,27.8
28035,17.1,14.3,23.8
47047,17.0,14.3,22.0
41057,15.7,13.0,19.0
17057,15.7,13.2,19.0
27041,12.8,10.0,13.1
6051,13.1,11.7,17.3
17103,14.8,12.4,18.1
8017,13.9,11.5,15.5
51125,15.3,12.5,18.5
31057,13.9,12.3,18.6
13199,20.0,17.3,26.5
22047,18.7,15.5,25.8
19091,13.7,11.0,15.4
36061,11.9,10.5,16.7
36073,16.2,13.8,19.8
39159,15.3,11.4,15.9
4019,14.5,12.9,19.5
6105,16.2,14.2,19.6
36001,13.4,10.6,14.7
51610,9.7,7.3,9.8
37177,16.8,15.8,27.2
5021,20.8,18.1,26.4
13259,17.8,19.5,34.5
22077,19.1,15.5,25.0
20099,16.8,13.2,20.4
42095,13.9,11.6,17.2
27139,11.1,8.6,12.0
21055,19.0,16.7,24.5
12059,20.4,18.8,27.0
16047,15.0,14.9,22.1
42021,16.7,13.7,19.3
31047,12.3,11.6,21.2
48035,15.5,13.7,22.4
38089,11.7,10.1,15.5
37141,14.7,12.5,19.0
48065,14.2,11.4,17.3
19035,13.1,10.5,14.5
2180,18.6,18.1,28.4
55091,14.4,11.5,15.2
29199,18.8,16.4,24.0
12069,16.0,13.8,21.0
45039,16.7,15.7,24.8
20157,14.7,11.1,16.2
49001,14.8,12.8,17.6
23013,14.6,12.5,16.3
26105,17.4,13.8,18.3
39061,16.2,12.6,18.2
21117,15.6,13.2,18.2
19065,13.9,11.1,15.6
38055,11.9,10.2,15.2
20035,15.2,12.3,19.1
13189,19.9,17.1,26.0
17015,15.0,12.0,16.9
47161,18.3,15.4,22.2
20187,14.2,12.7,22.9
18139,17.2,14.5,20.9
53023,14.4,12.2,15.8
5073,20.6,18.7,29.4
36031,14.3,11.8,16.3
39031,19.3,15.9,22.3
22113,19.2,15.5,23.3
13021,18.0,15.9,24.2
17185,15.5,12.6,17.5
46013,11.0,9.2,13.6
47019,20.6,17.8,25.9
37077,15.0,13.1,21.3
55043,14.8,12.1,16.0
27127,13.8,11.3,16.2
8071,13.5,12.8,20.4
48191,17.0,17.0,30.2
51027,20.5,18.2,27.7
42075,15.4,13.0,19.9
51085,13.1,9.9,14.0
24047,14.3,11.1,15.5
1123,19.3,16.2,24.2
17079,15.9,12.8,17.8
37013,16.0,14.0,22.2
19177,14.5,11.7,16.5
17195,14.8,12.4,18.4
40119,16.5,14.4,20.1
18075,17.7,15.3,22.2
6071,13.3,13.7,23.5
28093,17.4,14.4,25.8
47111,20.2,17.7,26.4
8097,10.6,8.3,10.2
20137,14.4,11.6,18.0
19155,13.7,11.3,16.2
36117,15.3,12.5,17.4
48001,15.5,14.7,25.6
35003,16.9,14.7,20.9
21159,18.7,17.5,27.4
54089,22.2,18.6,27.4
48015,14.1,12.7,21.7
13135,14.1,12.3,19.1
22013,20.9,17.9,28.8
5043,18.4,16.2,24.1
30049,13.4,11.0,13.3
46127,10.9,9.0,12.9
18155,18.4,16.3,24.1
46021,11.1,9.1,13.3
53053,14.7,11.7,17.3
27161,13.8,11.1,15.6
48499,15.9,13.6,21.6
13019,20.2,17.5,25.9
29087,16.8,14.1,19.6
40013,17.5,15.3,23.2
2220,13.2,10.9,16.0
27075,12.9,10.1,13.6
5045,17.4,14.9,21.1
17131,15.1,12.0,16.5
38025,11.5,10.4,15.6
21011,19.3,17.5,25.8
50007,13.0,10.3,11.5
41069,17.3,14.6,21.3
13051,16.0,13.0,19.2
27063,13.0,10.4,14.6
20201,15.0,11.4,17.2
49045,14.3,12.1,17.0
42085,16.3,13.7,19.5
48233,15.5,13.9,23.4
28065,18.9,16.4,29.2
5011,18.5,17.2,28.1
39121,19.0,15.2,22.4
48455,17.4,15.3,24.7
6115,14.6,13.6,21.0
28009,18.4,15.5,27.0
37107,17.0,15.6,26.3
13085,15.7,12.3,16.6
24019,15.8,13.5,19.3
49055,14.8,12.5,16.8
53025,14.6,15.0,23.9
1003,16.1,12.5,17.2
30005,18.5,17.4,23.8
21223,18.3,16.1,23.9
31087,13.1,11.0,15.5
26023,17.9,14.5,19.9
8041,13.0,10.8,15.3
19121,12.7,9.5,12.8
46063,11.4,9.3,13.6
40047,15.4,13.5,20.8
29077,16.1,13.8,19.0
13245,18.0,16.2,25.2
13285,18.6,16.1,24.3
9009,13.4,10.9,16.2
2090,13.1,10.6,15.9
48391,14.4,14.0,26.4
40149,15.7,13.4,20.5
31085,13.2,11.4,16.6
6041,10.8,9.1,12.4
48127,16.6,19.0,38.7
53059,15.0,12.9,16.8
51135,16.6,15.1,24.8
37171,16.4,14.5,22.4
29163,17.2,15.2,22.9
48479,14.8,16.7,34.2
36071,13.3,11.5,17.3
53003,16.0,13.7,17.4
8125,13.9,12.3,17.6
30107,16.8,14.6,19.8
21163,16.9,14.4,21.2
30013,15.5,13.0,16.6
51590,17.8,16.0,26.3
38043,12.8,11.7,17.8
55099,15.1,12.2,16.2
8095,13.8,11.9,17.2
54039,20.4,16.0,23.2
24029,14.3,11.3,16.1
6095,12.4,11.1,17.6
13133,17.4,15.1,23.0
1013,19.6,17.3,27.1
20065,15.1,11.7,17.4
8009,15.6,13.8,19.1
1121,19.6,16.4,25.5
12121,17.8,15.8,23.9
5013,19.0,16.7,25.3
13255,18.8,15.9,24.1
20109,14.9,11.5,17.5
13107,19.7,17.3,26.6
51191,16.3,13.3,19.3
40147,15.7,13.4,19.7
17167,14.7,11.8,16.7
47091,20.7,18.9,27.7
8051,12.5,10.1,12.6
13289,19.6,16.8,26.4
31075,13.0,10.9,15.0
48103,13.4,13.2,25.6
28075,17.3,14.3,24.1
17133,13.1,9.8,12.8
15001,15.2,12.7,18.7
19009,13.8,10.8,15.3
48247,15.2,17.1,35.3
20075,14.1,12.5,22.4
2185,14.7,13.5,21.3
26151,18.4,14.9,20.3
6031,14.1,14.7,25.8
24015,14.9,11.5,15.9
46007,17.2,17.3,27.2
40067,18.1,16.5,25.9
22081,20.3,17.2,27.8
18129,15.3,12.4,17.2
39151,17.2,13.7,19.6
19043,14.2,11.5,16.3
27049,12.9,10.4,13.8
12123,19.5,18.7,27.6
39009,19.3,15.9,22.4
28139,18.8,15.8,26.4
37051,15.0,13.3,21.8
31109,11.7,9.7,13.3
39101,18.6,15.4,22.7
48429,15.7,14.6,24.9
6069,12.4,12.3,20.9
12093,18.3,17.8,29.0
26161,13.9,10.5,13.4
13299,20.0,17.6,26.6
41049,16.3,15.2,26.1
42105,17.6,14.6,20.8
42127,15.7,13.3,19.6
55015,12.7,9.8,12.8
48237,16.1,14.7,24.7
4012,16.8,16.3,26.3
39081,19.0,15.1,21.6
21149,18.0,15.7,22.7
31165,12.3,10.4,14.7
47137,20.7,18.3,27.2
48197,16.1,14.7,25.2
49027,15.1,13.3,18.8
48275,15.6,15.0,26.6
33009,14.0,11.1,14.1
51179,12.2,9.8,15.1
18035,17.3,15.1,22.1
36081,12.1,11.9,20.9
46043,11.9,9.7,14.0
39037,18.0,14.1,20.1
48501,14.4,14.7,29.1
38021,11.2,9.7,14.1
30077,14.8,12.9,16.9
21109,20.9,19.4,28.8
31153,10.8,8.6,12.5
19019,13.2,10.2,14.0
54091,20.4,16.9,24.0
21129,22.8,22.8,35.0
22101,19.2,16.0,25.9
26087,16.8,13.3,18.1
47027,21.4,19.3,28.2
48301,15.0,12.3,20.4
48133,16.4,14.8,24.0
12031,16.5,14.2,20.9
48365,16.6,14.4,23.1
42041,13.8,11.2,15.9
46097,11.9,9.8,14.3
27147,12.8,10.5,14.8
37021,14.0,11.4,16.6
31139,12.0,9.6,13.0
20045,14.5,10.3,15.2
20139,15.5,11.9,18.1
25013,15.2,12.9,19.8
20013,15.6,12.3,18.5
18099,16.4,14.3,21.7
21197,19.1,17.5,25.7
48157,10.9,9.7,16.4
47001,18.2,15.4,22.1
48421,14.1,13.3,24.2
19073,13.6,10.8,15.0
27059,13.1,10.3,14.3
48075,14.7,14.3,25.5
49057,14.4,12.2,17.9
42011,14.7,13.1,20.2
21057,19.8,17.8,26.2
18163,16.5,13.8,20.9
21099,19.9,18.6,28.1
20129,14.6,12.3,20.8
48037,15.8,13.8,22.2
29073,16.2,13.4,19.0
48147,15.6,13.4,21.7
27083,13.4,11.3,15.9
29197,17.9,15.3,21.9
42067,17.2,14.4,21.2
26049,18.7,15.1,20.2
8115,15.2,13.3,18.7
8031,11.8,10.3,15.7
22021,20.4,17.0,26.7
19147,12.7,9.8,13.5
12061,15.2,13.5,19.4
29175,17.6,15.1,21.9
22123,20.1,16.5,26.0
1057,19.9,16.9,24.9
31045,12.2,10.1,13.9
40005,18.6,17.0,25.9
1077,17.7,14.4,20.6
25001,13.2,10.1,12.6
17007,13.7,11.8,18.4
40033,17.5,15.3,23.6
5099,18.8,16.5,25.2
54061,18.2,15.0,21.2
29039,18.5,16.2,23.3
32009,16.0,15.5,23.3
19063,13.5,11.1,16.0
16021,16.0,14.7,19.0
31025,11.9,9.9,14.0
13011,19.2,16.4,24.2
29009,17.5,16.0,24.2
8105,13.4,12.7,20.3
2050,20.9,21.4,34.1
53033,11.6,9.4,12.7
13077,15.6,12.5,17.7
55045,13.7,10.6,13.7
6013,11.8,10.3,15.9
13043,20.5,18.9,29.5
17197,12.2,10.5,15.8
17071,15.2,12.0,16.6
51700,14.8,12.8,20.5
48167,13.9,11.7,19.9
13087,19.1,16.7,25.4
56031,13.6,11.6,17.0
35055,14.1,13.3,21.0
8061,15.2,12.6,16.4
18183,15.5,12.7,18.1
1043,18.8,15.5,22.1
30043,13.9,10.8,13.0
40039,16.4,14.6,23.1
27113,13.4,11.0,14.9
5053,18.1,14.8,20.8
38085,18.7,20.8,33.1
5109,19.1,16.7,24.3
53067,13.6,11.2,14.9
19053,14.5,12.1,17.1
40003,14.7,12.6,19.6
51147,15.9,13.7,21.5
46105,12.3,10.2,14.5
18065,17.0,14.5,21.1
48011,14.8,11.9,17.9
46071,17.7,18.0,28.2
1067,18.6,15.5,23.4
26015,16.2,12.5,16.2
38051,12.9,11.8,17.9
36111,14.1,11.8,17.3
29155,20.2,19.0,29.3
53011,13.5,11.7,15.7
2261,12.8,10.7,15.6
28045,17.2,13.4,21.2
20057,14.1,13.5,26.2
13163,20.2,18.1,29.0
47035,19.1,16.4,23.4
47073,20.3,17.4,25.1
37097,14.1,11.7,18.1
6087,12.6,11.6,17.6
19117,14.2,11.3,16.0
48471,15.3,14.2,24.0
16031,14.8,15.0,21.5
13197,18.9,16.6,25.7
51109,16.1,13.3,20.0
21079,18.2,15.8,23.3
8015,12.8,10.7,14.2
36019,15.5,12.9,18.2
30009,14.0,11.1,13.7
6023,15.3,13.5,18.6
12085,14.6,12.7,17.7
27103,12.3,9.8,13.5
48211,13.7,12.1,20.8
1131,21.3,19.9,33.2
48295,14.2,13.1,23.1
37061,16.7,16.2,27.9
17061,16.2,13.2,18.6
47011,18.3,15.8,23.7
47099,19.9,16.9,25.2
37157,16.8,14.3,22.6
55085,13.7,10.8,13.7
48085,11.2,9.2,14.2
19181,12.1,9.2,12.1
19127,12.7,11.1,18.7
48281,14.6,12.5,20.2
29145,16.7,14.3,20.8
45033,19.2,18.6,29.7
51013,9.8,7.8,11.2
13099,20.5,18.4,28.5
51001,16.5,14.9,24.1
56037,12.9,11.0,16.3
55037,14.4,11.4,14.9
4003,15.1,14.0,21.9
12019,16.4,13.9,19.2
23003,17.4,14.9,21.0
51107,10.2,8.2,12.2
37123,15.8,14.1,23.3
36121,15.0,12.4,17.7
26131,18.3,14.5,18.9
17141,14.5,11.9,17.2
31067,13.2,10.9,16.0
28113,19.3,17.0,29.3
39051,16.6,13.1,19.1
35045,18.5,16.4,23.4
30053,16.6,14.5,18.0
16065,16.7,15.7,19.3
40139,15.0,15.0,27.2
48173,14.7,14.4,26.1
13275,18.0,15.1,22.4
19083,13.1,10.5,14.9
20003,16.5,12.8,19.1
40097,18.6,16.3,24.8
22093,18.1,14.7,23.9
13151,15.5,12.5,18.3
36017,16.2,13.4,18.6
40101,17.9,16.3,25.2
13217,17.2,14.4,22.0
24037,13.8,10.7,15.1
31005,13.5,11.6,16.3
21173,18.5,16.8,25.1
21069,19.3,17.4,25.5
45023,17.0,15.4,23.9
41011,17.8,14.5,21.1
18121,17.7,15.1,21.6
54073,20.0,16.3,23.4
55007,13.9,11.2,14.6
45059,17.0,15.7,23.6
17175,16.2,13.2,18.5
24005,13.8,10.5,15.6
41007,15.9,12.7,18.3
28013,18.7,15.9,27.3
48049,15.1,13.4,22.3
45057,14.5,13.0,19.3
44005,14.2,10.7,14.6
16001,13.2,11.4,13.6
22031,19.4,15.6,25.2
47129,20.7,18.8,27.9
26101,17.1,13.6,18.6
48437,16.0,16.5,30.6
30073,16.2,13.6,17.3
27157,13.0,10.4,14.3
41041,16.2,13.4,19.7
39139,18.0,14.7,20.9
26121,17.6,14.7,20.3
18027,17.8,15.6,23.6
13141,19.5,18.5,31.5
54083,20.9,17.7,25.5
31173,17.1,15.6,23.6
37041,15.8,13.4,21.6
19107,13.9,10.9,15.3
12009,15.5,13.3,18.9
29181,20.6,18.8,27.4
20173,15.0,11.9,19.5
48493,13.1,11.9,21.1
21039,18.9,17.0,25.1
48261,19.1,21.7,44.8
8081,14.6,12.4,17.6
6077,13.5,13.3,22.7
21227,16.6,14.3,20.6
28003,18.5,14.8,23.7
27093,13.2,10.7,15.0
42003,14.0,11.5,16.5
27073,13.3,10.7,14.7
37093,15.8,14.3,23.6
13269,21.1,19.0,29.2
55115,15.2,12.1,16.4
29221,19.2,17.0,25.1
18091,16.3,14.9,22.0
42113,16.6,13.9,19.9
16055,15.0,12.8,16.6
18001,17.7,15.6,22.9
21193,20.5,19.1,27.8
47141,18.3,15.6,22.7
26007,18.0,14.1,18.6
29117,17.7,14.8,20.9
37187,17.1,15.4,26.0
19171,13.6,11.1,16.6
40053,15.1,12.3,18.1
51041,13.2,10.6,16.5
22061,18.4,15.3,23.3
39145,20.8,17.3,25.3
32033,15.2,13.9,20.4
47175,21.1,18.6,27.5
39115,20.4,17.1,24.5
26079,19.0,15.3,20.4
36047,13.1,12.3,20.2
33017,15.0,11.5,14.1
26057,17.5,14.5,20.2
56007,13.3,12.3,18.7
51775,14.9,11.8,16.9
53075,14.9,13.3,16.8
10003,13.5,11.7,17.0
46033,11.9,10.0,14.4
17111,12.6,10.3,14.7
20121,13.5,9.9,14.2
49049,12.6,10.7,14.3
29103,18.0,15.7,22.3
21049,17.3,15.0,21.6
37127,15.3,13.3,22.2
48325,13.2,12.6,23.8
35017,14.5,13.4,21.6
5091,18.9,16.8,25.1
17041,15.9,13.3,19.7
51159,15.9,14.6,24.1
51043,14.1,11.1,16.2
27029,15.0,12.7,18.5
45087,17.8,16.1,24.2
27123,12.1,10.4,14.9
53041,15.4,13.7,19.2
22017,18.4,14.9,24.3
48109,16.7,18.6,36.9
21143,16.8,14.9,22.2
21237,22.7,21.6,32.2
48373,16.5,14.7,24.8
37161,16.9,14.5,22.0
25021,11.9,8.6,11.4
36057,16.3,14.3,21.5
18057,11.7,9.0,11.9
20185,14.8,12.1,19.1
13033,19.3,17.1,26.3
48339,13.6,11.5,19.2
29031,15.6,13.1,18.3
1019,19.8,16.4,23.7
29211,16.7,15.6,24.8
48343,16.6,14.5,23.7
28049,16.5,13.4,23.9
21207,19.3,17.5,26.4
6005,13.7,12.1,17.4
47163,18.8,15.7,22.6
55109,12.3,9.2,11.5
31037,12.1,12.4,23.0
29115,17.3,14.4,21.2
21027,18.8,17.1,25.3
13003,20.2,19.7,32.1
36101,15.5,12.9,18.2
48407,17.0,15.2,25.2
48217,15.3,13.6,22.8
1107,19.1,17.2,27.5
22051,15.9,12.9,21.2
48403,17.8,15.5,24.2
31131,12.3,10.4,15.0
12075,19.3,17.6,25.6
51079,15.1,12.4,18.2
48029,13.0,13.0,24.3
5117,19.3,16.3,24.1
56001,12.7,11.2,16.0
55063,13.2,10.4,13.2
16085,13.9,11.9,14.5
5061,18.8,17.5,27.0
19161,13.2,10.3,14.2
17031,12.9,11.6,19.2
32017,14.7,12.2,16.8
18173,14.2,11.4,15.5
48231,15.8,13.9,22.8
13069,19.1,17.3,27.1
22011,18.6,14.6,22.0
42049,16.3,13.7,18.9
13229,19.6,16.8,24.3
54019,22.3,19.1,27.9
20203,12.8,10.6,18.4
55027,13.9,11.2,15.4
55079,14.3,12.7,19.3
54053,21.5,17.5,25.6
19137,14.4,11.4,16.4
27167,12.9,10.1,13.6
4025,14.8,12.4,17.6
12017,18.2,15.8,21.6
29169,15.3,13.4,19.9
13171,18.1,14.9,21.7
8023,15.1,16.4,27.9
47065,16.3,13.7,20.5
29021,16.8,14.6,21.7
49043,11.4,9.2,11.3
31059,12.4,10.4,14.7
19191,12.3,9.3,12.2
27031,12.6,10.2,13.4
22095,17.3,14.2,23.7
56045,13.6,11.4,16.0
51117,16.8,14.5,23.4
21071,21.6,20.2,29.8
21179,16.6,13.9,20.1
38067,11.9,10.3,15.1
13207,16.8,13.6,19.2
27095,14.7,12.0,16.5
5027,19.7,17.7,27.1
37149,14.5,11.8,17.4
37105,15.2,13.8,22.7
6079,13.1,11.2,16.0
31011,12.8,10.6,14.6
54017,20.2,16.9,24.6
45015,14.7,12.7,19.0
12041,19.3,17.3,24.9
26123,18.0,14.7,19.9
20091,11.1,8.4,11.9
2110,12.4,9.9,14.7
16007,15.6,13.9,17.7
18113,15.8,14.0,20.9
48077,15.1,12.3,18.6
51021,15.7,12.8,18.6
23011,15.7,13.1,17.2
55093,13.4,10.4,13.0
31171,11.6,9.3,13.0
6015,15.6,14.9,23.0
28121,14.9,11.1,17.9
13305,19.4,16.6,25.2
17149,16.6,13.8,19.4
51099,13.4,10.7,15.7
20027,14.5,11.0,15.9
17183,16.6,14.2,21.2
46117,10.5,8.4,11.7
21165,20.1,18.5,27.4
13181,18.8,15.9,23.3
28047,17.2,13.8,22.3
44003,15.6,12.2,15.7
54037,17.2,13.7,19.6
47055,18.8,16.2,23.4
39075,20.2,16.5,24.9
17095,16.1,13.9,20.1
28027,19.8,18.2,32.3
39021,17.7,13.8,19.2
40131,15.5,12.9,18.7
41065,15.7,13.4,20.7
13283,20.4,18.4,28.0
36029,14.2,11.7,17.0
17085,14.6,11.6,15.9
29205,17.5,14.9,21.2
31093,12.6,10.1,13.8
13209,18.5,16.1,24.1
48181,15.4,13.0,20.6
54081,21.2,18.0,26.4
37095,16.7,15.5,25.8
35028,10.8,7.8,10.0
40083,15.5,13.2,19.7
24045,15.3,12.6,19.9
45067,17.7,16.8,27.2
39131,20.4,17.1,25.5
38097,11.1,9.5,13.7
28091,19.4,16.7,27.6
48057,14.3,14.1,26.7
21047,17.9,16.5,25.2
24031,10.3,8.3,12.9
16079,17.8,16.9,22.4
39085,16.1,12.1,16.8
48287,15.1,13.6,23.0
36123,15.6,12.7,17.9
30093,15.9,13.2,17.1
30029,14.7,12.0,14.3
53051,15.7,13.5,17.9
47089,18.5,15.6,22.8
48253,14.8,14.4,26.1
17169,15.8,13.2,18.7
21093,16.4,14.4,21.3
20165,14.8,11.3,16.9
45003,15.4,13.7,20.4
22085,19.3,15.6,24.3
15003,11.7,10.1,16.6
31181,12.6,10.6,15.3
6053,12.9,13.4,23.6
18019,15.8,13.6,20.2
49009,14.1,11.1,14.9
4001,22.1,21.7,30.8
28037,18.2,14.8,24.9
17055,17.2,14.5,20.5
19097,13.9,10.8,15.1
35057,16.4,15.6,24.8
53031,13.6,11.4,14.2
27021,14.4,12.0,16.9
42083,16.8,14.2,20.0
47153,19.5,16.9,24.7
13013,17.0,14.2,21.1
22003,18.4,14.8,23.4
17105,16.0,13.5,19.5
26065,16.2,13.2,17.6
21009,19.5,17.6,25.8
47045,19.3,16.7,24.8
51678,15.9,13.6,19.4
39165,14.2,10.7,14.7
29213,16.7,14.5,21.0
21213,17.8,15.5,23.1
20195,14.5,10.7,15.6
18009,17.6,15.0,21.7
13261,19.3,17.1,26.9
22075,17.3,13.9,22.2
28155,18.0,14.5,23.3
26037,15.6,11.7,15.3
47183,19.2,16.7,24.4
48027,14.2,12.8,21.7
26133,19.0,15.3,20.6
56015,13.0,11.4,16.4
48317,13.9,13.1,24.3
28101,18.3,15.5,25.7
18083,17.0,14.6,21.1
42121,17.1,14.0,19.5
29095,15.2,12.8,20.0
29113,16.4,13.6,19.2
51033,15.1,12.4,19.5
28111,19.3,15.9,26.1
27137,13.8,11.5,15.3
47119,17.0,14.3,20.9
51051,19.6,17.3,25.5
48151,14.7,13.4,23.0
55025,11.7,9.1,11.8
26071,18.3,14.5,19.3
40045,16.6,14.3,21.4
51169,18.0,15.0,22.2
46053,13.2,11.4,16.7
36007,15.2,13.1,18.6
26001,18.3,14.6,19.4
22037,18.0,14.9,24.6
17119,14.9,11.8,16.5
31029,12.0,10.3,15.8
37169,16.6,13.5,20.3
29139,18.0,15.8,22.9
51065,13.8,10.6,15.2
41071,14.8,12.5,18.3
45079,13.4,12.0,18.3
23031,14.9,11.8,14.9
37085,15.2,13.3,21.2
48117,14.4,14.9,29.6
47075,19.5,17.9,29.4
21135,21.2,20.0,29.4
21115,19.8,17.9,26.3
13143,19.0,15.4,21.7
20193,15.0,11.8,17.3
5125,16.3,13.1,18.7
20047,14.6,12.3,20.7
47155,18.5,15.8,23.2
38033,11.8,10.3,14.8
47139,19.8,16.9,24.5
18049,16.2,13.7,19.8
48087,15.7,15.0,26.5
35007,15.0,14.1,22.0
1027,20.4,17.7,26.6
37115,15.8,12.9,18.8
5037,19.5,16.9,25.4
37189,15.6,13.2,18.6
21019,17.9,15.9,22.9
36049,16.2,13.3,18.4
50015,14.1,11.2,13.5
36093,14.0,11.6,16.9
55135,14.2,11.2,15.2
16037,15.6,14.3,18.6
28057,17.8,14.3,22.7
51087,13.0,10.6,15.9
48487,16.6,16.0,28.3
39019,18.1,14.3,19.8
47109,20.5,18.1,26.5
30003,19.2,18.4,25.0
48349,15.8,14.9,26.3
26031,18.1,14.4,18.9
31123,12.2,10.8,16.8
55035,13.7,11.0,14.1
31133,14.9,12.6,18.5
55123,15.3,12.4,16.9
37179,13.2,10.8,16.7
1083,16.9,14.0,20.8
18165,17.0,14.3,20.3
55055,13.4,10.6,14.1
54027,21.1,17.6,25.2
42057,17.1,13.9,19.8
40019,17.0,14.4,22.0
12103,16.0,13.3,18.7
48467,16.2,13.9,21.8
55073,13.5,10.6,13.8
13237,17.3,14.7,21.6
17021,15.9,12.9,18.3
32027,14.3,13.6,21.2
27159,15.1,12.5,17.6
30059,15.1,12.4,15.6
46019,12.9,11.3,17.0
29085,18.5,16.1,23.2
5047,20.8,18.3,26.5
27039,12.4,9.7,13.1
48223,15.8,13.8,22.4
48453,11.5,9.8,16.9
28067,17.5,14.5,24.5
2070,18.1,17.4,27.5
36059,11.6,9.5,14.2
5035,19.6,17.6,28.2
12049,18.3,19.2,31.7
6103,15.9,15.1,22.8
38003,11.7,10.3,14.7
49023,15.9,13.1,17.8
27009,13.5,10.7,14.8
4017,18.9,18.3,26.3
8001,12.7,11.3,18.0
51620,16.9,14.9,24.2
24021,12.8,10.0,14.3
19007,14.8,12.2,17.2
1005,20.5,19.1,31.1
40145,15.4,13.1,19.2
35035,16.2,14.8,22.7
21187,19.1,17.1,25.7
20101,14.8,11.5,17.6
26021,17.0,13.6,18.9
8043,14.1,12.6,18.0
48359,14.5,12.3,19.9
48047,16.2,18.9,38.0
48477,14.8,12.8,21.1
17077,16.2,14.2,20.3
12083,17.4,15.2,23.1
41001,16.3,13.1,18.5
19033,12.8,10.5,14.7
6039,14.8,15.3,26.4
39001,20.5,17.4,25.5
13247,16.0,13.8,21.7
9007,12.3,9.2,11.8
31083,12.5,10.3,14.3
51133,14.5,12.2,18.7
20067,13.7,12.6,23.4
13313,17.1,16.3,26.7
29161,16.6,14.6,20.3
17125,16.5,13.6,19.0
39029,18.4,14.7,20.9
18137,16.2,13.6,19.4
31117,13.8,11.5,16.0
36037,15.1,12.2,16.5
21123,18.6,16.5,24.4
39067,19.1,15.3,22.0
48451,13.6,12.6,22.1
22115,17.8,14.7,23.2
53021,13.8,14.4,23.6
26111,15.6,11.8,15.4
13023,18.4,15.3,22.0
21085,20.0,18.2,27.5
46015,12.2,10.3,15.2
28131,18.4,14.9,24.4
16015,14.2,12.3,15.6
21157,16.8,14.3,20.5
46083,10.0,8.2,11.5
23021,17.5,15.0,21.1
17159,16.2,13.3,18.6
51510,11.3,9.4,14.1
47025,20.5,17.8,26.0
46095,18.8,19.1,30.4
49033,14.6,12.3,16.3
31019,11.9,10.2,15.1
39093,16.5,13.4,19.9
29065,18.7,16.5,23.8
41027,13.9,12.3,20.1
21067,15.1,13.1,19.2
37011,16.1,13.9,21.3
22109,19.5,16.1,25.2
48245,14.7,14.0,24.4
40117,17.7,15.1,22.4
30037,15.9,13.2,17.1
54007,22.4,19.1,27.9
13291,17.5,14.0,18.8
48189,14.2,14.3,27.5
20131,14.3,10.6,15.3
48279,15.7,16.2,30.6
23017,16.8,14.1,18.2
18153,16.8,14.7,21.4
19011,13.0,10.0,13.5
16071,15.4,13.4,17.2
45045,13.4,11.5,16.8
38013,11.6,10.0,14.5
46125,11.8,9.8,14.2
48013,14.0,14.0,27.2
17135,16.0,13.6,19.5
18043,15.2,12.6,18.0
20001,16.1,12.6,18.9
31157,12.7,11.5,18.3
20077,16.0,12.7,19.6
51187,15.3,12.3,18.1
39157,17.9,14.8,20.7
41055,16.2,13.1,19.0
40027,14.6,12.0,17.7
20037,15.4,12.5,18.5
26095,17.5,14.8,20.8
37033,16.0,14.0,22.8
8107,12.1,9.4,11.9
51690,17.0,15.3,25.0
22045,19.3,15.8,25.7
48413,13.4,12.8,24.0
30101,15.7,13.4,17.9
13053,16.5,14.8,22.4
38023,12.6,11.2,16.4
20155,15.1,12.1,18.2
18107,16.1,13.9,20.2
31147,13.3,11.6,16.2
29055,19.1,16.7,24.3
26041,17.7,13.9,17.8
17047,15.8,12.5,17.1
33001,15.0,11.2,14.3
46103,12.1,10.2,15.0
56023,13.5,10.9,15.3
13079,19.2,16.3,23.9
48309,15.2,13.9,23.8
40091,19.1,17.1,25.7
13257,17.9,14.6,20.9
22067,20.5,17.6,29.4
32015,15.6,14.1,20.9
42097,16.9,14.3,20.9
13089,14.5,12.2,19.1
46061,11.7,9.4,13.4
51177,13.6,11.1,17.3
31053,13.0,11.4,17.3
31089,12.1,10.2,14.9
37139,15.5,13.3,21.2
48067,17.4,15.0,23.8
21221,17.1,14.6,21.0
42019,14.3,11.0,15.0
42063,17.1,14.3,20.2
38087,11.5,10.2,14.9
40037,17.2,14.4,21.7
54101,23.6,20.5,30.2
48125,15.1,14.9,26.3
48389,13.4,14.3,29.4
25005,16.0,12.2,16.7
19071,13.9,11.2,15.3
5111,20.4,17.7,26.6
29001,17.0,15.0,21.1
1065,20.0,17.6,28.8
1069,18.4,15.6,23.3
26085,20.5,17.2,24.3
5075,19.8,17.0,24.4
55065,14.7,11.8,15.9
48095,15.1,14.7,27.5
32001,15.3,13.7,18.7
51735,13.1,10.1,13.8
8039,12.3,9.5,11.9
29131,17.2,14.8,20.8
37075,17.5,15.0,22.8
1091,19.1,16.7,26.6
19135,14.0,11.1,15.7
5101,18.6,15.8,22.2
18097,15.8,13.5,21.8
8069,12.4,10.1,12.3
1129,20.1,17.5,26.0
48159,13.9,11.4,18.0
38077,12.0,10.7,15.4
26141,18.1,14.1,18.5
29227,16.6,13.9,19.5
48423,14.8,13.0,21.7
16045,15.5,14.5,19.3
5139,18.6,16.3,24.4
17189,14.7,11.4,15.4
8103,14.2,11.7,15.5
55127,13.2,10.7,14.4
1035,19.8,17.4,27.8
13117,12.6,9.6,13.2
51157,14.0,11.0,16.0
27121,13.0,10.3,14.0
48003,13.9,13.4,25.9
5077,19.5,18.5,30.6
46031,17.9,18.9,30.0
30067,14.4,11.4,14.0
12111,16.2,14.5,22.4
18073,15.6,13.0,19.1
42033,16.8,14.4,21.6
17013,15.7,12.5,17.4
16067,14.7,15.2,23.4
22083,21.2,18.0,29.2
19061,12.8,9.5,13.0
16023,16.2,14.8,19.2
20033,14.6,11.1,16.4
20175,14.8,14.7,29.0
5131,17.9,15.9,24.8
36011,15.6,13.0,18.1
55047,14.7,12.0,16.5
48409,14.2,14.5,27.7
13075,19.7,17.3,26.1
53035,13.7,11.5,15.1
21029,16.6,13.9,20.2
17199,15.5,12.6,17.5
6011,13.8,14.0,24.6
37053,14.6,11.5,16.8
13031,18.4,15.8,22.6
39011,16.5,12.6,17.3
51081,16.0,14.8,25.7
51710,15.2,13.3,21.7
41035,16.8,14.5,21.8
18071,16.5,14.4,21.6
36113,14.3,11.4,15.3
1045,18.0,15.3,23.0
30035,20.1,20.0,26.9
27151,14.1,11.8,16.8
1089,15.1,12.4,17.9
49029,13.0,10.1,12.1
49025,14.4,12.1,15.6
19109,13.5,10.7,14.9
22025,19.6,16.3,26.4
48005,16.4,14.7,26.8
48269,16.0,14.5,24.6
51061,13.2,10.2,14.4
40115,18.8,17.0,25.7
18151,15.7,13.1,18.7
53057,13.8,12.2,17.6
30045,14.7,11.8,14.4
47123,19.9,17.8,25.9
46065,11.5,9.5,13.9
55078,19.4,18.9,27.1
8083,14.8,12.8,17.6
32011,15.1,12.9,18.2
30109,15.1,12.3,15.8
55069,14.4,11.2,14.7
37079,16.3,15.5,27.2
48303,14.1,13.2,22.8
38053,11.8,10.7,16.2
47173,20.8,18.1,26.6
48091,12.4,10.7,17.3
27149,12.6,10.4,14.7
18093,16.5,14.0,20.2
19173,14.0,11.6,17.1
19075,12.5,9.3,12.4
16053,15.0,15.7,24.2
18029,15.6,12.9,18.0
16057,14.4,12.6,15.1
8093,13.0,10.1,12.7
29105,17.9,15.5,22.0
50001,13.1,10.2,11.8
53077,14.9,15.6,25.7
20141,14.9,11.4,16.6
28005,18.6,15.7,26.6
1119,19.8,17.9,29.0
5015,17.4,15.5,23.7
35001,14.2,12.2,19.6
31095,13.7,11.4,16.6
46075,11.7,9.5,13.7
48387,17.7,15.5,24.8
37151,16.2,14.1,22.3
29075,17.2,14.5,20.5
50023,13.6,10.8,13.4
22023,18.8,14.7,21.8
8073,14.1,12.5,18.2
6037,12.2,12.1,21.8
48345,14.8,12.9,21.1
26051,19.3,15.7,21.1
25019,12.2,9.6,13.0
13321,19.3,16.3,23.9
29011,18.1,15.9,22.9
51015,15.4,12.3,17.8
8029,15.1,13.4,18.9
40007,15.0,13.9,22.9
1055,19.1,15.5,23.0
53013,14.9,13.3,17.5
13055,20.5,18.1,26.8
17093,12.0,9.7,14.6
28055,20.5,19.3,36.1
40061,18.5,16.5,24.8
2060,14.7,12.4,18.7
13009,18.1,15.7,23.5
22053,19.3,15.4,23.9
29041,17.0,14.1,20.1
1025,20.0,17.7,27.6
40125,17.5,14.9,22.6
54063,21.4,17.7,25.6
31031,12.9,10.5,15.0
13119,19.2,16.2,23.0
20097,14.7,11.5,17.6
55141,14.2,11.3,14.9
12125,18.7,17.2,26.4
1109,18.5,16.1,24.4
41025,16.6,13.4,19.0
16043,14.8,14.0,19.0
38079,16.7,18.1,28.2
45021,17.3,15.8,23.3
31107,12.8,10.8,15.5
9011,13.4,10.6,14.1
42099,16.7,13.5,19.6
55009,13.2,10.8,14.5
51149,14.0,11.7,18.6
26081,15.2,12.3,16.4
42129,15.2,12.1,16.7
27115,14.4,12.0,17.4
55061,13.8,10.7,14.1
26163,17.6,14.5,22.1
17033,15.6,12.9,18.6
18181,16.0,13.8,20.4
5067,21.2,19.2,29.1
48431,14.1,13.1,23.6
18033,16.1,13.3,19.2
36075,16.3,13.4,18.7
13227,17.5,13.6,18.5
30075,15.3,12.3,15.1
51685,12.5,11.6,20.5
54021,19.1,16.7,26.0
31159,11.9,9.8,13.3
21131,22.3,21.4,32.1
21229,17.4,15.3,22.9
26017,17.9,13.8,19.0
38015,11.0,9.3,13.3
27037,11.0,8.6,11.9
56009,13.7,11.4,16.3
1099,20.1,17.8,27.5
47029,21.2,18.6,27.7
48473,14.8,13.7,24.0
48461,14.3,13.9,26.6
13161,21.0,19.4,29.2
39025,16.7,12.7,17.7
21199,19.3,17.3,25.7
12033,16.6,14.2,20.9
48367,14.2,11.8,18.0
40071,17.0,14.9,22.6
33003,15.2,11.6,14.4
21195,20.4,18.6,28.1
6101,14.3,13.6,22.1
47059,19.6,17.1,24.6
37015,16.8,15.6,27.2
20063,15.2,11.6,17.3
48069,13.9,14.0,27.5
19031,12.5,9.4,12.6
5141,20.3,17.8,25.7
46129,11.9,9.9,14.7
26055,15.6,11.8,14.5
18015,16.0,13.6,19.8
55087,13.0,10.0,13.4
28127,17.9,14.5,24.9
47093,16.5,13.3,18.7
20119,14.5,11.9,20.0
30081,15.2,12.3,15.6
25015,14.4,10.7,13.4
48101,17.7,17.2,29.9
40035,18.6,16.7,25.2
45085,16.1,14.9,22.9
45007,16.1,14.5,20.3
27085,13.4,10.7,15.2
12063,18.9,17.5,26.2
31043,12.0,12.1,22.1
13311,17.1,13.5,18.2
2188,19.6,19.6,31.1
5097,20.2,17.7,26.2
17155,14.4,11.4,16.0
47165,16.3,13.3,19.2
18135,17.2,14.6,21.3
20183,15.2,11.5,16.9
17019,13.9,11.7,16.7
24003,12.2,9.5,13.6
45061,17.1,16.8,27.4
39073,18.6,14.9,21.5
45091,13.7,11.4,16.2
44001,14.4,10.6,14.1
55107,15.4,12.7,17.3
47187,12.7,10.0,13.5
6003,15.0,13.7,19.6
24035,13.1,9.9,13.1
48397,12.1,9.8,15.2
39153,16.2,13.2,18.8
20025,14.1,11.2,16.9
13039,16.7,13.8,19.7
48313,14.6,13.7,24.4
5123,19.4,18.4,30.8
19085,13.6,10.7,14.7
5005,18.5,15.2,21.0
17173,15.8,12.7,17.6
48031,13.9,12.0,19.4
36051,14.9,12.1,16.5
28015,17.8,14.7,25.2
26103,16.7,13.0,16.5
47101,20.1,17.6,25.4
6067,13.0,11.9,18.1
40041,18.7,16.8,25.6
48239,14.3,13.2,22.8
41043,16.4,13.3,19.6
39083,17.3,13.3,18.3
8059,11.4,9.3,12.2
41013,16.6,13.5,19.8
46045,11.4,9.3,13.2
48203,16.1,14.1,23.1
46107,11.5,9.4,13.5
37009,15.8,13.2,19.7
47131,20.0,18.0,26.6
53069,15.0,12.6,16.8
18175,17.2,14.4,21.1
54093,19.7,15.9,23.0
48229,16.6,18.8,38.5
46123,13.4,11.8,17.7
22009,20.6,17.4,27.9
29183,13.3,10.6,14.1
35021,14.7,13.7,22.0
21037,15.5,13.0,18.6
13067,13.7,11.1,16.4
48503,15.5,13.7,22.5
2158,24.5,26.8,42.3
29083,17.9,15.5,22.0
51181,16.1,13.7,22.1
21111,15.5,13.3,20.3
18079,16.9,14.3,20.8
27071,14.5,11.8,16.4
39109,17.1,13.1,18.2
12115,14.7,12.0,16.2
42027,14.6,12.4,17.1
29215,19.1,17.3,25.3
20205,16.4,12.8,19.3
21007,18.1,15.8,22.8
42081,16.3,13.1,18.5
37087,15.3,12.4,17.8
53005,13.9,12.6,17.4
42005,16.9,13.7,19.4
29019,14.7,12.4,17.0
30011,15.5,12.4,15.0
42111,16.9,14.0,20.2
6089,15.3,13.2,17.8
55117,13.1,10.4,14.0
29119,18.9,17.8,27.8
12086,14.2,14.5,25.5
13131,18.9,16.7,25.7
2105,15.5,13.7,20.9
16033,15.5,17.0,28.2
1015,19.1,15.7,23.7
31137,12.3,10.0,14.1
48293,16.3,15.4,26.7
22063,17.6,13.6,20.3
8003,14.3,14.4,22.8
39147,17.4,14.2,20.5
51037,18.3,16.1,25.4
33015,13.4,9.7,12.5
51750,17.8,15.5,22.1
18081,14.2,11.6,16.7
10005,14.5,12.6,18.6
51770,16.3,14.3,22.8
13249,18.5,15.3,22.1
19183,13.1,10.6,15.1
1079,20.2,17.0,24.9
17109,15.8,13.1,18.1
21101,17.6,15.6,22.7
35011,16.3,15.1,24.1
13097,16.0,13.5,21.1
51075,13.2,10.4,14.9
49051,12.2,10.1,13.2
56039,10.5,8.5,11.6
4005,15.4,13.0,17.5
17043,11.2,9.2,13.6
8117,11.5,9.3,12.0
22019,18.3,14.1,22.0
46035,12.0,10.2,14.8
8053,12.6,9.9,12.6
31073,11.4,9.2,12.9
55039,13.8,11.1,15.1
51161,13.6,11.0,15.5
6045,14.5,13.5,20.0
29177,16.6,13.7,19.3
17009,14.6,13.2,20.6
51105,19.1,17.2,25.8
27125,13.8,11.2,15.6
28077,17.7,14.5,25.2
40133,19.1,17.1,26.3
37159,15.7,13.4,20.7
26153,19.1,15.3,20.6
19149,12.7,9.9,14.0
39045,16.5,12.5,18.0
22125,15.6,12.7,20.8
20005,15.4,11.8,17.6
31027,12.2,9.7,13.6
40099,17.3,15.1,22.9
13183,18.1,15.9,24.0
51009,16.2,13.5,20.4
19045,14.3,11.2,16.3
40103,15.7,12.9,19.1
13001,20.1,18.1,27.5
36099,15.5,13.0,18.6
28141,19.1,15.6,25.3
13219,13.4,10.1,13.1
38071,11.7,10.7,15.5
50013,13.1,10.3,12.6
21175,19.6,18.8,28.7
48219,14.9,14.7,27.0
17073,14.6,11.8,16.6
48439,13.2,11.9,20.4
18123,16.1,13.7,19.7
27051,13.9,11.2,15.4
48165,15.7,15.0,28.5
48175,14.3,13.1,22.9
54071,21.2,17.7,26.0
12053,16.9,15.3,21.7
56029,12.5,9.9,13.2
19139,12.7,10.9,16.3
12095,14.7,13.5,22.4
55017,14.2,11.2,14.5
29149,19.9,17.8,26.1
16003,15.2,13.4,17.2
44007,15.9,13.1,19.8
39173,16.1,12.7,17.1
13301,20.5,18.5,29.9
45055,15.3,13.7,19.8
48205,12.8,11.5,20.0
19055,13.5,10.5,14.4
4013,14.0,11.9,18.0
17029,16.2,13.5,18.7
39137,15.8,12.0,16.5
55053,15.1,12.5,17.3
12007,19.7,18.1,26.0
30065,16.2,13.9,18.1
38007,11.1,9.8,14.5
49007,15.7,13.7,18.7
42047,16.0,12.9,17.9
42035,17.2,14.2,20.1
35049,13.2,11.0,16.5
31155,12.1,9.7,13.2
16087,16.0,15.9,22.2
5059,18.9,16.5,24.0
19021,12.5,11.7,19.3
37039,16.6,13.9,20.4
6055,11.8,10.7,16.4
22099,19.1,15.3,24.6
18059,14.4,11.7,16.4
47037,15.4,13.2,20.2
17053,15.7,12.8,18.0
48469,14.1,13.9,24.8
2240,14.3,12.2,18.7
36069,13.8,10.7,14.4
13195,18.4,15.4,22.0
19119,13.1,10.0,14.0
18007,16.9,14.8,21.4
13271,18.9,19.0,32.0
1133,20.7,17.6,25.6
54085,21.9,18.0,26.7
6109,14.4,12.5,17.8
8014,10.6,8.2,10.4
46099,11.1,9.3,13.7
51595,18.9,18.3,31.3
36021,14.1,11.5,15.9
27023,13.8,11.4,16.5
49017,15.0,12.7,17.2
48141,13.6,14.4,28.6
21073,15.8,13.7,19.8
20015,14.0,10.6,15.5
54029,20.2,16.7,23.6
22073,18.8,15.5,24.7
20153,14.7,11.6,17.4
51111,17.1,15.2,25.1
17063,13.7,11.1,15.6
20055,14.1,12.9,24.8
27061,13.9,11.2,15.1
29147,16.8,14.3,19.8
18145,16.2,13.8,20.1
48039,12.7,11.3,19.4
28119,21.1,19.5,35.5
42091,13.0,9.9,14.3
48249,14.5,15.4,30.9
20111,14.4,12.1,19.9
21059,17.1,14.8,21.4
42017,13.1,10.2,14.4
48283,13.7,15.0,31.5
26125,14.2,10.6,14.2
42069,15.4,13.0,18.8
48061,15.1,16.9,34.5
17147,13.9,10.6,14.4
5089,19.2,16.3,23.0
51640,18.8,17.6,27.8
6025,14.0,15.7,28.8
23001,16.0,13.1,17.9
27135,13.1,10.6,14.5
47067,22.2,19.8,28.8
53043,15.1,13.0,16.7
4023,14.7,15.6,28.7
12021,13.7,12.6,19.2
45027,17.0,16.1,26.4
51045,14.8,11.4,15.9
13153,16.2,13.2,19.2
20089,15.9,12.4,18.4
21137,19.7,17.8,26.2
37125,13.9,11.3,17.0
48375,15.8,15.7,28.7
51193,15.5,13.5,21.3
35047,14.9,15.4,26.2
21239,15.2,13.0,18.7
48111,14.4,13.8,25.9
31069,12.1,10.1,14.3
20049,16.9,13.7,21.1
17181,16.2,13.8,19.9
13273,20.6,18.7,29.8
22117,20.8,17.2,28.3
48495,14.5,14.6,28.5
20191,15.1,11.5,17.8
39065,18.7,14.7,20.7
46115,11.8,9.7,14.2
24013,13.1,9.6,12.8
5039,18.9,16.6,26.5
36027,13.2,11.0,15.6
27165,13.2,12.1,19.7
47023,18.9,16.1,23.1
37073,15.7,13.0,20.4
13025,21.2,18.1,25.7
53019,17.3,15.7,21.3
46009,12.2,11.0,16.8
28147,19.3,16.5,28.6
45069,18.2,18.2,29.6
48405,17.8,16.0,26.3
46081,11.5,9.5,13.9
29225,18.1,15.8,22.9
31091,12.6,10.2,14.3
41009,16.3,12.9,18.7
20143,14.5,11.1,16.3
40081,17.5,14.6,21.6
24043,15.1,12.5,18.2
18143,18.0,15.7,23.2
19077,13.4,10.4,14.4
51031,15.8,13.2,19.7
39017,16.4,13.3,18.7
48485,15.2,13.5,22.2
17083,15.1,11.8,16.2
21103,18.2,16.1,23.8
48055,14.9,15.0,28.5
17201,14.8,12.9,20.2
26029,16.2,12.4,15.7
47107,19.3,16.7,24.8
21147,21.6,21.9,33.1
8067,12.5,10.0,12.9
28089,13.4,10.2,16.2
29091,18.6,16.7,24.1
48195,16.1,16.3,30.4
19159,13.7,10.9,15.0
55125,14.2,11.6,15.2
39087,20.1,16.0,23.5
18167,16.9,14.6,21.4
30091,14.7,11.9,15.1
40017,14.4,11.6,17.1
13139,15.8,14.1,22.2
19189,13.2,10.4,14.8
39043,16.6,13.4,19.8
46017,19.4,20.8,33.8
21045,20.5,19.3,28.8
22127,19.1,15.8,25.2
6075,10.3,8.9,13.7
17027,14.6,11.6,16.4
51670,18.0,16.4,26.6
13015,17.8,14.8,21.5
20197,13.7,10.0,14.8
8123,12.8,11.1,15.8
42089,14.5,12.7,19.8
5049,21.4,18.8,26.8
22001,20.1,16.5,26.1
49041,16.0,13.6,18.2
54049,20.4,16.5,24.2
16025,15.7,14.7,19.4
48139,13.6,11.8,20.1
42001,15.3,12.6,18.3
21015,14.6,11.9,16.5
48459,16.3,13.9,21.8
28069,19.6,17.7,31.3
48221,14.4,11.9,18.6
38065,11.6,10.1,14.6
8109,14.4,13.8,21.7
28153,18.0,14.9,25.8
48025,14.4,15.1,29.4
39117,18.2,14.2,20.2
6081,10.3,9.0,13.6
1007,19.1,16.4,25.0
31145,13.0,10.9,15.3
27101,13.2,10.6,15.2
53029,13.0,11.2,14.2
46059,11.3,9.1,12.7
26039,18.0,14.3,18.8
29027,15.9,13.5,18.9
42119,14.9,12.6,19.0
8045,12.5,10.7,15.2
19125,12.6,9.6,13.2
21219,18.6,16.7,25.4
13241,18.2,15.5,21.9
54015,23.4,20.3,30.4
40051,16.0,13.2,20.2
13105,19.6,17.3,26.3
40153,15.0,12.9,20.0
13091,19.1,16.7,25.1
6111,11.6,10.9,17.8
2150,12.4,10.4,16.4
17117,16.0,12.9,17.8
31081,11.7,9.2,12.7
20069,14.3,11.3,18.8
5113,20.2,18.1,26.2
48341,14.2,14.2,27.6
53063,15.0,13.2,16.8
37167,15.8,13.1,19.9
1071,20.1,16.8,24.4
35019,14.0,13.7,24.5
39053,19.1,15.9,22.9
51097,15.2,12.7,19.4
17127,16.9,14.0,20.2
47157,16.7,14.9,23.7
29159,16.9,14.9,21.8
38031,11.6,10.1,14.5
28025,18.3,15.9,27.9
13175,19.9,16.6,25.5
21167,17.4,15.2,22.4
30057,13.4,11.0,13.5
54035,20.4,16.6,23.2
39023,18.8,15.0,21.8
18051,16.0,13.2,18.6
37117,16.9,15.0,24.4
21083,18.4,16.4,24.7
41063,16.1,12.5,17.4
13211,16.5,12.9,18.2
17161,14.5,12.2,18.2
51199,12.3,9.7,14.0
54079,18.4,14.3,19.7
50021,15.2,11.3,14.2
29203,19.8,18.1,26.7
35027,14.4,12.4,18.6
51840,14.7,12.9,20.4
31017,13.6,11.6,16.4
48183,15.9,14.4,24.2
39107,16.9,12.8,17.7
26147,17.4,13.5,17.9
36091,13.1,9.8,13.0
13081,20.9,19.1,29.2
32023,16.5,14.8,22.1
22107,22.4,20.3,34.0
39129,17.4,13.9,19.9
24023,16.1,12.8,18.1
24033,12.3,10.6,16.8
16077,14.7,14.8,22.3
5103,19.8,18.3,28.3
13293,19.5,16.5,24.7
20113,14.4,10.8,16.0
48285,15.0,12.9,21.6
28133,18.8,17.2,31.9
54005,23.5,19.7,28.7
19013,13.7,10.8,15.6
45005,17.4,17.8,30.2
49015,15.8,13.0,17.3
42055,15.9,13.1,19.0
17171,16.0,12.7,17.6
17137,15.7,13.0,18.6
48259,12.1,10.2,16.4
47087,20.6,17.9,26.0
15005,10.7,11.0,16.1
37031,14.4,11.6,16.8
28039,17.9,14.4,22.9
20079,13.8,10.7,16.5
38095,12.7,11.4,16.8
12109,14.3,11.4,15.2
8021,14.0,14.1,23.5
51119,15.4,12.6,19.2
47151,21.2,18.5,27.1
31061,13.5,11.3,16.3
26093,14.8,10.4,13.2
39163,20.8,17.3,24.7
41053,14.7,12.3,17.6
22043,18.6,15.4,24.9
17107,14.9,12.2,17.5
6047,14.7,15.5,27.2
13205,19.9,18.2,28.8
47043,18.4,15.7,22.8
5003,19.6,17.7,27.2
19047,13.2,12.1,20.1
29053,16.0,13.5,19.2
21177,18.4,16.6,25.4
18105,15.3,13.1,18.2
51630,14.3,12.0,18.6
48213,16.7,14.6,23.7
38001,11.7,10.2,14.4
55003,16.1,13.4,18.0
17045,15.6,12.3,17.0
13263,19.6,17.3,27.5
48323,15.7,17.8,36.9
40143,15.3,13.2,20.3
20103,13.5,10.2,16.1
27053,11.6,9.1,12.9
12047,19.9,19.6,30.8
5025,19.4,16.8,24.3
28143,17.6,15.1,27.5
45035,14.1,12.4,18.0
22065,22.0,19.9,33.9
51053,15.7,13.1,20.5
21051,22.7,22.5,34.7
42025,16.0,13.3,19.2
48083,15.3,13.3,21.9
48149,14.7,13.0,22.0
37137,15.7,13.5,21.0
12073,15.7,13.1,18.2
18115,16.0,13.1,18.8
16005,15.0,14.2,17.9
51167,18.4,15.8,23.4
20161,14.3,11.5,16.7
13145,15.1,11.6,15.6
23009,14.8,12.3,15.2
19069,13.5,11.3,16.8
19095,13.1,10.1,13.8
29137,17.3,14.7,21.3
48119,15.8,13.4,20.9
6017,12.9,10.6,14.2
5069,19.2,16.9,27.1
21113,16.8,14.5,21.2
51740,15.9,13.5,22.5
47171,19.3,17.3,25.3
48089,14.3,13.3,23.2
36035,16.4,13.6,19.3
29129,16.5,13.8,20.0
18159,15.5,12.8,18.3
32003,14.4,13.5,20.8
35006,17.7,17.1,27.8
42109,16.6,13.6,19.2
1097,17.8,15.1,22.5
13281,17.2,13.7,18.4
18031,15.9,13.4,19.4
16013,12.9,12.1,16.6
21021,17.1,15.1,22.2
33013,14.1,10.5,13.4
16059,15.9,14.3,17.7
19133,14.3,11.5,16.3
48385,16.8,16.2,28.0
17191,16.4,13.5,18.8
29067,19.7,17.6,25.9
1127,20.4,17.0,24.2
51089,17.8,15.6,24.2
30001,14.4,11.9,15.2
17091,15.1,12.7,19.0
37143,15.9,13.2,20.4
46073,11.2,9.2,13.7
21065,21.0,19.6,29.1
8101,14.1,12.8,19.9
1037,18.9,16.0,24.9
21155,19.6,17.7,27.0
55129,14.7,11.7,15.4
19167,12.0,9.5,13.5
48277,17.0,14.6,23.2
18017,16.3,15.1,23.4
8075,13.9,12.4,17.6
53049,15.6,14.1,19.5
30027,15.0,12.2,15.2
46029,12.5,10.3,15.0
22087,19.1,15.7,25.8
25017,12.0,8.8,12.0
5079,18.6,17.3,27.6
39035,16.7,13.4,20.0
31179,12.1,10.1,14.1
27173,13.8,11.3,15.9
18021,16.9,13.9,19.8
55071,14.0,11.2,15.2
40123,16.4,13.9,20.7
19197,13.3,11.0,16.4
13057,14.4,11.2,15.1
20167,15.4,11.8,17.7
2290,19.1,18.2,28.7
29167,17.4,15.0,21.4
40025,15.3,14.2,23.2
38045,12.5,11.3,16.4
30015,16.0,14.0,17.8
48131,14.8,16.4,33.7
12015,16.0,13.9,19.9
30099,15.5,12.6,15.7
48419,17.2,16.0,27.5
37103,17.7,16.1,26.0
20133,16.1,12.8,19.4
26043,16.7,12.8,16.2
56021,12.4,10.5,15.5
18085,15.4,13.1,19.6
48311,12.1,11.0,19.5
47181,19.6,17.4,26.6
27109,11.2,8.7,12.0
40089,19.4,17.9,27.5
51003,12.5,9.8,14.0
32013,15.1,13.8,20.9
46093,11.1,9.3,13.5
26073,18.8,15.4,20.3
55023,14.7,11.9,15.9
46051,11.6,9.6,14.6
48395,15.3,13.8,23.7
29097,16.5,14.9,21.6
13047,17.1,13.6,18.2
25027,13.6,11.1,15.5
51063,15.9,12.9,18.6
29003,15.3,12.5,17.5
40059,15.2,13.9,22.5
8037,11.3,9.7,13.9
21211,15.8,13.8,20.7
9005,12.8,9.6,12.5
51143,16.9,14.7,22.2
51131,15.5,13.9,22.8
51023,14.5,11.2,15.7
21001,19.4,17.8,26.6
48333,15.6,13.8,22.9
48267,15.7,14.7,25.0
31115,12.4,10.1,13.6
54055,22.3,18.6,26.7
55067,15.3,12.5,16.6
48449,15.5,15.2,27.7
1101,16.8,14.3,22.9
21121,22.0,20.9,31.2
29033,17.5,14.8,21.1
48093,14.2,12.7,21.8
2013,12.0,12.5,22.8
6027,13.5,12.0,17.8
17157,15.8,13.5,20.4
39099,17.6,15.0,21.9
37195,16.3,14.8,25.3
31125,13.0,10.7,15.2
41033,17.1,14.8,20.9
47053,18.9,16.4,24.2
28063,19.4,17.8,32.9
40069,17.9,16.1,24.5
35033,14.6,14.6,24.9
26139,15.0,11.2,15.0
28103,19.4,17.2,32.0
30079,15.7,13.5,17.5
55133,11.6,8.6,10.9
48331,15.8,14.6,25.4
5133,18.0,17.4,28.5
55033,14.3,11.5,14.7
51570,15.2,12.4,18.7
19005,13.5,11.1,16.5
5143,16.3,14.8,22.1
12023,18.3,15.7,22.8
23023,14.3,11.9,15.7
48355,14.1,13.8,26.2
23019,15.7,13.4,18.5
13111,17.7,14.1,19.2
1033,18.4,15.2,21.9
21091,17.8,15.2,22.0
16069,15.3,13.7,17.6
12101,16.6,14.2,20.5
18041,18.3,16.2,23.5
13235,19.2,16.1,24.0
36083,14.3,11.2,15.4
19103,11.8,9.5,12.5
54069,18.6,15.1,21.0
47003,18.3,16.2,25.3
26063,18.0,14.1,18.7
26009,16.8,13.0,17.0
13155,19.5,17.4,26.2
45043,15.3,13.7,20.6
42065,17.4,14.5,20.6
5033,19.0,16.5,24.8
41023,17.5,14.3,20.6
37181,17.2,15.8,27.2
39171,17.3,13.8,19.7
27007,14.8,12.9,18.0
36005,15.3,15.8,30.0
32510,14.9,13.2,19.6
56017,14.2,12.2,17.0
12039,18.5,17.2,27.2
37023,16.5,14.2,22.1
21185,13.5,11.0,15.3
13169,17.7,14.3,20.5
16051,13.8,12.5,16.5
31009,12.6,10.1,13.7
45013,12.6,11.0,15.3
29111,17.7,15.2,21.8
48357,15.2,15.3,28.5
47117,18.5,15.7,23.6
20127,14.9,11.5,17.1
48045,16.1,15.1,25.4
48153,14.4,14.4,27.5
51175,15.7,13.2,20.7
19039,13.8,11.8,18.1
31051,12.0,10.1,15.7
39003,17.4,13.9,20.1
12081,15.9,13.6,19.5
22035,23.1,22.3,39.3
29195,16.6,15.0,22.9
26109,18.0,14.1,18.7
31169,12.8,10.4,14.5
25003,14.9,11.4,15.0
54099,22.5,18.7,27.7
55095,14.2,11.0,14.4
27045,13.4,10.8,15.1
17097,12.0,10.1,15.6
47081,19.8,17.2,25.4
25007,13.6,10.2,13.0
45077,15.6,13.7,19.1
13319,19.4,16.7,25.5
20039,15.0,11.4,16.9
1063,22.0,21.2,35.6
48305,15.7,15.9,29.4
39027,18.5,15.0,20.7
28007,18.9,16.1,28.2
27089,13.3,10.6,15.1
42007,16.0,12.9,17.9
37089,13.9,11.4,16.7
51800,14.0,11.7,18.5
46101,12.1,10.2,15.2
47145,18.2,15.1,21.8
18095,16.9,14.9,21.8
29121,16.8,14.2,20.3
33005,14.9,11.2,13.7
55119,15.1,12.3,16.5
12035,16.5,14.2,19.4
37017,17.3,15.6,25.9
36043,15.9,12.7,17.8
26053,18.3,14.6,19.5
51036,16.5,14.1,23.1
48071,14.1,12.1,20.0
39141,19.2,15.8,22.8
18013,15.3,12.7,17.6
22057,19.0,14.7,23.1
56011,13.5,10.9,15.0
46135,11.6,10.0,14.9
54001,21.8,18.1,26.1
29107,16.4,13.7,19.0
37183,11.7,9.4,14.0
17123,15.2,12.1,16.8
35013,15.6,14.9,24.8
21061,19.6,17.8,26.3
31097,12.0,10.8,17.1
46037,12.9,11.1,16.5
17037,14.2,12.0,17.5
48041,14.5,13.2,22.0
25009,12.9,10.8,15.2
5087,19.9,17.4,25.6
26107,18.4,14.7,19.3
53045,15.3,13.8,18.7
27079,12.6,10.3,14.4
42071,14.9,12.5,18.8
45083,15.0,13.7,19.7
17011,14.8,12.3,17.8
37131,17.2,15.6,26.7
51047,14.5,12.0,18.6
40029,19.3,17.4,26.5
29005,16.0,13.4,18.4
37165,18.1,16.8,27.6
45009,16.5,15.7,25.3
21119,21.7,21.2,31.2
48377,17.6,20.8,41.5
29047,14.3,11.8,16.3
48113,13.4,12.9,23.9
19151,13.7,11.0,15.6
32005,13.7,11.4,15.1
1023,20.1,17.4,27.3
28053,20.9,19.7,37.1
29043,15.5,12.6,17.4
18061,16.2,13.5,18.8
2068,13.2,11.2,16.1
29207,19.1,16.4,23.7
5129,20.8,18.5,26.9
21203,19.9,18.5,26.8
20181,13.9,10.9,16.6
22055,17.0,13.4,20.3
12133,20.3,18.5,27.7
47167,17.8,15.0,22.6
31033,12.2,10.2,14.4
35005,15.8,15.1,25.3
54065,20.3,16.3,23.3
55139,13.8,10.9,14.4
51083,16.8,14.1,22.2
51810,13.2,10.6,15.6
48399,15.0,14.1,25.2
21031,18.9,17.1,25.4
48411,15.3,14.8,26.4
31127,12.5,10.1,14.5
38081,11.3,9.7,14.1
51720,17.7,15.5,22.8
9013,12.7,9.8,12.5
55049,13.7,10.5,13.4
13121,14.1,11.7,17.4
16041,14.9,13.1,17.0
27117,13.8,11.5,16.8
17001,15.2,12.1,16.6
51153,11.8,10.3,17.3
36107,15.3,12.1,16.5
50003,15.0,11.8,14.2
26083,16.1,12.2,15.3
17035,16.2,13.1,18.1
51059,10.1,8.4,13.1
5065,19.2,16.4,23.6
13225,17.9,15.6,24.2
54031,20.5,17.2,25.8
1087,19.0,17.1,28.1
42045,13.8,11.4,16.8
19175,14.4,11.6,16.4
48123,15.1,14.5,26.2
19141,13.4,10.8,15.1
26019,16.3,12.6,16.1
20207,16.8,13.5,20.1
30039,14.6,11.7,14.7
51093,14.6,12.0,18.0
51113,15.8,12.8,18.9
37101,14.6,12.5,19.8
47015,18.8,15.8,22.8
19113,12.4,9.5,13.0
48475,14.3,14.1,26.9
28041,17.1,14.2,23.8
38047,12.2,10.7,15.6
51600,10.7,8.8,13.5
8013,11.2,9.3,11.9
13159,19.1,16.0,23.1
6091,14.9,13.0,18.4
36023,15.7,12.6,17.1
56041,14.0,11.8,17.2
47061,21.3,18.8,27.8
17065,15.9,12.8,18.0
48207,17.3,17.2,30.9
37057,16.1,13.6,21.3
27005,13.9,11.5,15.8
30103,15.8,13.1,16.9
13129,18.4,16.0,24.0
45073,15.7,13.8,19.4
21183,18.4,16.4,24.2
47103,18.8,16.3,24.2
39091,17.6,13.8,19.4
28117,19.9,16.6,26.4
39005,17.9,14.1,19.9
55089,11.5,8.5,10.5
4007,16.4,15.2,22.3
50025,14.7,11.5,14.4
55041,16.3,13.6,18.7
23007,16.0,12.9,17.0
37153,17.8,16.3,26.8
12087,14.2,12.4,19.0
16011,14.9,13.9,19.1
20087,14.6,10.8,15.8
31063,12.5,10.3,13.9
13309,18.8,17.7,28.1
51137,15.0,12.3,17.9
48347,16.5,15.1,25.0
29141,19.4,17.4,25.7
2195,13.3,10.8,16.3
37119,12.7,10.6,16.6
13193,19.8,19.0,31.4
6035,14.4,13.8,21.5
51103,14.8,12.3,18.9
51017,17.7,14.9,22.0
17153,17.9,15.9,24.2
35041,16.2,15.0,23.7
53015,16.1,14.0,19.2
22089,16.1,12.4,19.3
39071,19.9,16.2,23.4
27015,12.8,10.2,14.1
36013,16.1,13.8,19.8
37047,17.6,15.8,25.9
42133,15.5,12.3,18.0
20177,14.4,11.0,18.0
36033,16.1,14.0,20.2
17187,15.0,12.6,18.6
20031,14.7,11.1,16.3
13279,19.5,17.2,26.4
40127,19.2,17.2,26.3
16061,16.8,15.6,20.7
45063,14.3,12.3,17.5
13221,18.4,15.4,22.9
31001,12.4,10.8,15.9
28023,17.7,14.0,24.2
41015,15.9,13.0,18.8
29069,19.7,18.6,28.0
48177,14.9,14.7,28.1
45019,13.2,11.3,15.7
18125,16.9,14.2,20.5
24510,16.0,13.4,21.7
20007,15.9,12.4,18.6
41003,14.4,11.1,15.5
6065,13.4,13.1,21.9
22027,20.7,19.0,31.9
48441,14.7,13.1,21.6
54011,20.6,16.9,23.9
28095,17.9,14.5,24.4
47125,16.3,14.3,21.0
4015,16.6,14.7,21.2
40113,17.4,15.0,22.7
23025,17.7,15.2,21.0
39135,17.5,13.4,18.5
21035,17.6,15.7,21.9
27153,14.2,12.0,17.5
42123,16.6,13.4,18.7
51550,13.6,10.9,16.9
45053,15.8,15.6,25.4
29185,18.1,15.8,23.0
26117,18.0,14.6,19.5
12097,15.0,14.9,25.2
55019,15.7,13.1,18.4
19111,14.2,11.5,16.5
41037,17.4,15.1,22.9
28105,16.4,13.8,22.0
48241,17.4,15.0,24.1
36077,15.1,12.3,16.9
39057,15.5,12.3,16.8
48271,15.1,16.5,31.9
48505,16.1,18.5,38.0
31161,13.6,12.3,17.9
49031,15.6,13.6,19.0
35023,15.6,15.2,25.2
18149,17.5,15.3,22.5
51183,15.7,14.4,24.3
21231,20.3,19.1,28.8
54095,20.8,17.1,24.2
38017,10.9,8.8,12.7
26091,16.8,13.1,18.2
48137,14.9,15.5,29.9
29217,18.1,15.6,22.2
30097,14.4,11.4,14.0
47031,18.4,15.7,23.0
27025,12.5,9.8,13.7
16075,15.4,14.5,20.2
26045,15.6,12.3,15.9
18005,14.2,12.5,18.2
48369,14.4,14.9,29.1
20147,15.4,11.8,17.3
19049,10.5,8.1,10.6
53071,13.8,12.7,17.5
27143,13.1,10.9,15.8
48143,15.0,13.0,20.8
31135,11.9,9.5,13.7
20151,14.3,11.2,17.1
13265,19.4,17.3,28.7
40073,15.4,13.6,21.5
42059,16.7,13.8,19.9
40087,15.2,12.2,17.9
42079,15.3,13.7,20.5
46057,11.4,9.3,13.8
11001,12.2,10.2,15.4
28151,19.5,17.2,31.3
27055,12.8,10.0,13.5
20017,14.7,11.5,17.3
39111,19.0,15.6,21.8
18103,16.9,15.0,22.5
31041,13.1,10.6,15.1
51073,14.8,11.6,16.9
30083,14.0,11.2,14.2
51069,14.0,11.3,16.6
42093,15.3,12.5,18.0
1081,17.1,13.9,20.1
42015,17.1,13.8,19.7
37027,16.8,14.3,22.4
40009,15.9,14.6,23.0
46091,11.0,9.6,14.3
48063,15.2,13.7,23.4
8119,12.5,9.8,12.3
21139,18.5,16.4,23.9
48019,14.5,12.7,20.7
1053,19.8,17.6,27.7
29051,14.7,12.1,17.2
28161,18.1,14.7,25.4
20117,15.3,11.5,16.7
21217,18.1,16.3,23.5
8027,13.0,10.5,13.5
5095,20.5,18.7,30.0
17115,15.9,13.2,19.2
12065,17.7,15.8,23.7
51007,15.8,12.9,20.0
13007,18.4,16.0,25.2
50011,14.6,11.8,13.6
30063,14.2,11.2,13.4
6001,11.2,10.0,15.5
55113,15.6,13.0,17.5
38029,12.7,11.0,16.3
31183,13.9,11.8,16.4
1111,19.0,15.8,23.8
38073,11.9,10.4,15.3
5007,14.9,13.5,20.2
17075,15.9,13.2,19.4
53037,14.8,13.1,17.5
36053,14.8,11.9,15.8
13029,15.4,12.2,17.0
48171,13.2,11.5,18.8
5121,20.6,18.2,26.5
47007,19.6,18.0,27.7
5057,18.7,17.2,27.9
54023,21.4,17.6,25.6
26027,17.2,13.4,18.2
48483,15.9,14.5,24.6
35051,16.5,15.4,23.5
29081,18.0,15.7,22.7
39175,17.4,13.8,19.6
18069,15.9,13.3,19.0
13065,23.4,22.0,33.5
56035,12.7,10.6,14.6
18179,15.8,13.0,18.4
18169,16.7,14.1,20.5
48007,16.0,15.0,25.5
46109,14.7,13.6,20.6
1047,19.9,18.2,28.9
21005,17.3,14.6,20.8
29151,15.7,12.7,17.6
51683,12.8,11.7,20.4
40043,16.3,14.1,20.6
42037,16.5,13.6,19.1
46067,11.9,9.9,14.4
55077,14.8,11.9,16.4
47039,20.2,17.4,25.4
51760,16.1,13.6,21.9
38039,12.1,10.7,15.6
1017,19.0,16.3,25.3
36067,14.4,11.7,16.2
2100,13.7,11.3,15.9
21075,20.1,19.5,30.5
53007,13.7,12.8,19.0
29017,18.8,16.5,24.0
31071,12.1,9.6,13.0
39077,18.3,14.6,21.3
46047,12.8,11.1,16.6
47095,20.6,20.1,32.3
49019,14.0,11.7,15.7
16035,15.6,14.2,18.4
49039,15.4,13.5,18.6
8091,11.8,9.0,10.9
5017,20.1,19.4,31.6
1117,14.6,11.4,15.6
20053,13.9,11.2,17.2
12117,14.1,12.0,17.2
6099,14.3,13.9,23.9
8005,11.8,9.6,13.8
51195,18.6,16.8,25.2
46077,11.6,9.3,13.6
38103,12.1,10.5,15.3
13095,19.0,17.2,27.3
13251,19.1,16.6,24.8
48251,14.7,13.0,21.5
6043,14.6,12.6,17.6
17145,16.1,13.9,20.6
26127,17.4,14.8,21.1
47069,20.1,19.1,30.6
28079,18.8,16.6,29.0
20083,13.6,10.4,15.7
45029,17.3,16.0,24.2
26155,17.2,13.2,17.0
40135,19.8,18.0,27.3
48107,15.8,16.3,30.8
39047,19.1,15.5,22.9
31105,13.3,11.6,17.7
24001,16.5,13.3,19.2
21169,20.4,18.9,28.3
13185,18.2,15.8,22.9
46003,11.0,9.2,14.1
40063,18.6,17.1,26.8
48315,17.4,15.1,24.2
40105,18.2,15.7,23.5
24041,13.2,10.4,14.2
30019,14.5,11.4,14.0
18133,15.9,13.3,19.3
8055,13.1,11.9,18.0
12127,16.7,14.4,21.1
29061,17.8,15.6,22.5
20023,14.8,11.7,17.7
31015,12.6,10.5,14.8
51173,18.0,15.1,22.1
39155,18.3,14.9,21.7
39105,20.1,16.5,23.3
19087,13.3,10.9,15.4
17179,14.6,11.3,15.7
41045,16.7,15.7,26.4
12055,17.3,16.4,25.7
37007,16.6,15.1,25.6
42101,16.2,15.0,24.0
38093,11.9,10.8,15.4
26157,18.2,14.7,19.7
44009,14.8,11.1,14.4
48433,15.8,13.9,23.2
15007,13.3,10.7,16.5
47133,20.4,17.7,25.7
28087,16.4,13.3,22.6
28083,19.6,18.1,32.6
51530,19.3,17.0,25.0
48201,13.1,13.0,23.4
38009,11.8,10.4,14.8
49005,14.3,12.2,15.9
13303,19.0,17.0,26.6
38059,11.5,10.0,14.3
2164,18.3,17.5,27.4
21105,19.4,17.8,27.0
18039,15.6,14.1,22.1
6057,13.5,11.0,14.5
22097,20.6,17.2,28.2
30033,15.8,12.6,15.6
46121,21.1,22.9,36.5
19023,13.6,10.5,14.4
8085,13.9,11.9,17.1
22007,20.1,16.5,26.4
37037,13.1,10.8,16.5
38027,12.1,10.7,16.0
40023,19.9,18.3,28.5
51660,16.1,14.7,23.7
39161,17.5,13.9,19.4
41021,16.4,13.5,19.7
42029,12.4,9.6,13.7
22041,21.3,18.3,29.2
5081,19.2,16.5,24.7
46027,11.9,10.0,14.1
8111,12.6,10.4,13.9
27069,13.2,10.6,14.5
21013,23.3,22.5,33.4
42087,18.0,15.0,21.8
17051,17.0,14.6,21.3
30089,17.2,14.9,19.7
39119,18.8,15.2,21.0
18111,16.3,14.1,21.0
29059,18.3,16.0,23.2
42117,16.9,14.0,19.8
47179,17.6,14.8,20.7
48321,14.9,14.6,26.7
13123,17.6,15.1,22.2
9015,14.3,11.8,16.4
31143,12.4,10.3,14.7
26099,16.5,12.6,17.2
29189,13.9,10.8,15.4
37135,12.3,10.0,14.6
46049,11.9,9.7,13.7
31049,12.9,10.9,16.2
40049,17.3,15.1,23.2
48023,15.0,12.7,20.2
42023,17.6,14.7,20.6
13093,18.4,16.7,27.4
19089,13.7,10.6,14.7
13049,20.0,18.6,29.6
1073,16.2,13.0,19.1
20159,14.6,11.6,17.9
53061,13.0,11.1,14.7
48393,14.5,12.1,18.7
20125,16.2,13.1,20.7
21209,15.6,13.2,19.0
5115,18.7,16.3,24.0
19093,13.1,10.3,14.3
8035,10.1,7.6,8.9
48129,15.9,13.6,21.4
5071,20.1,18.4,28.9
25025,13.5,11.8,18.8
41051,14.0,11.4,16.5
1061,20.1,17.0,24.9
29127,17.1,14.6,20.8
27163,10.6,8.3,11.3
1103,17.6,14.6,21.9
30055,15.0,11.9,14.9
19059,12.2,9.5,12.8
47189,15.6,12.5,17.6
55105,14.2,11.6,16.3
29223,20.3,18.2,26.8
27133,13.0,10.4,14.3
48163,14.6,16.2,33.5
51830,14.2,12.0,17.1
13037,20.1,19.9,33.0
36097,16.1,13.1,18.1
50019,15.6,12.7,16.2
48427,17.3,20.4,42.0
19131,13.7,10.7,14.7
6009,14.5,12.3,17.3
38037,13.2,11.9,17.3
26145,17.5,14.4,20.1
37193,16.9,14.5,22.2
29089,16.8,14.1,19.8
5145,19.2,16.3,23.7
1039,19.7,16.3,23.6
22071,17.1,13.7,22.7
31039,12.2,10.3,15.0
13073,14.5,11.2,15.7
56027,16.4,14.3,20.4
26035,20.1,16.7,22.4
19003,14.0,11.0,15.1
39015,18.7,15.0,21.2
19157,13.2,10.2,14.1
32021,17.5,16.0,23.0
8057,14.0,11.7,15.9
48491,12.0,9.9,16.4
19153,12.7,9.9,14.5
28159,18.1,15.1,26.5
12107,19.7,18.5,27.4
17017,15.5,13.7,21.5
55031,14.5,11.5,14.8
18077,16.6,13.9,19.9
16027,14.9,14.9,20.9
48227,14.6,14.5,26.6
54047,26.3,24.4,37.5
8121,14.6,12.2,16.3
28071,15.4,12.3,19.1
36063,15.4,12.7,17.3
6049,16.0,14.5,21.4
48457,16.5,14.6,23.6
49047,16.5,14.0,20.1
12013,18.9,16.4,24.6
4021,14.7,13.0,20.4
6107,14.9,16.0,28.0
6113,12.9,12.1,19.0
1009,18.3,15.6,23.2
8099,13.9,13.0,20.3
40141,16.4,16.0,27.2
5031,18.2,15.5,22.7
20061,14.6,12.1,19.4
19025,13.6,10.9,15.1
37199,16.4,13.8,20.5
5051,18.4,15.9,23.1
27099,13.4,11.5,17.4
27001,14.4,11.7,15.9
12045,18.3,14.9,21.7
35039,15.2,14.9,25.3
29025,17.6,15.3,21.9
31007,12.1,9.9,13.8
45037,15.6,14.6,22.8
40111,18.8,16.6,25.0
13243,22.0,20.6,33.1
8047,11.8,9.1,11.2
12079,18.9,17.7,28.0
2130,13.9,11.5,17.6
19037,13.3,10.4,14.6
6019,14.2,14.4,25.7
48447,15.5,13.4,21.3
13103,16.4,13.0,18.3
27043,13.5,11.4,15.8
31079,12.1,11.2,18.1
39055,15.4,11.7,16.0
48099,15.4,13.6,22.5
29157,16.5,13.8,19.5
48363,16.2,14.6,24.1
22119,21.0,18.0,28.4
20019,17.0,13.8,21.2
13177,16.3,12.8,18.2
28019,17.7,14.5,24.5
18141,15.2,13.3,20.2
46111,11.6,9.5,13.7
21127,20.8,19.5,29.2
17139,15.7,12.5,17.6
46011,10.9,9.2,12.4
21081,18.2,16.1,24.0
53017,14.2,13.6,20.9
26115,16.7,12.9,17.2
31113,13.1,10.8,15.4
13027,18.7,16.6,25.1
24011,16.3,13.1,20.1
51197,17.0,13.8,20.2
39097,16.9,13.8,19.6
46087,11.6,9.7,14.1
48383,13.1,13.1,25.8
37003,16.1,13.5,20.8
54077,20.3,16.6,23.9
19079,12.9,10.1,14.3
41031,16.3,14.4,22.3
20145,14.4,11.5,17.7
17081,16.0,13.5,19.5
49037,18.6,17.5,24.5
28145,17.4,14.2,23.5
48193,16.1,14.1,22.7
13295,18.9,15.6,21.4
21145,17.1,14.8,21.1
38101,10.9,9.8,14.5
17203,13.7,10.4,13.9
18047,16.0,13.3,19.1
45049,17.4,17.3,27.8
48291,16.5,15.2,26.8
22105,19.3,15.6,24.3
54107,20.1,16.8,23.4
20135,14.8,11.8,18.2
38063,11.5,10.3,15.2
27065,14.3,11.5,16.1
39041,13.0,9.6,12.7
30025,14.5,11.3,14.1
2282,15.1,13.4,20.7
48257,14.4,12.5,20.9
49013,15.8,13.5,18.5
19015,13.0,10.1,14.1
8077,14.1,11.6,15.9
19195,13.2,10.2,14.1
31177,11.8,9.4,12.9
48053,14.1,12.2,19.9
20081,15.0,13.3,23.6
13059,17.3,15.1,21.8
21201,19.0,17.0,24.7
37081,14.0,12.1,19.0
13017,19.9,17.7,26.9
17059,17.9,15.2,21.5
45075,16.5,15.6,24.2
19101,12.3,10.4,14.9
18063,13.5,10.6,15.2
18087,18.0,15.9,24.6
26011,19.1,15.3,20.5
47149,16.0,13.0,19.4
41067,12.7,10.3,15.6
20199,13.6,10.5,15.7
39169,17.7,13.7,20.0
40057,15.5,14.9,25.4
50009,16.6,13.5,17.5
27077,13.9,11.2,15.6
48417,15.1,12.7,19.8
13157,16.7,13.8,19.5
56019,13.3,10.8,14.6
36003,16.5,13.6,18.4
37175,15.3,12.4,18.1
12027,18.1,18.8,31.0
22033,15.9,12.9,19.4
54067,21.2,17.5,25.0
35061,14.6,13.7,22.3
26061,17.5,14.1,18.2
53027,15.8,14.0,19.4
47005,20.5,18.2,26.7
26075,17.2,13.9,18.7
16049,16.3,15.2,20.2
22079,18.7,14.9,23.5
13083,18.7,15.2,20.9
55021,13.6,10.5,14.0
49053,14.3,12.4,16.2
29099,15.9,12.8,17.9
19143,13.4,10.8,16.0
51057,17.0,14.9,23.7
48155,15.9,14.1,23.3
51165,15.1,12.4,18.4
27141,12.6,9.6,13.2
47115,19.6,16.7,23.9
29109,17.8,15.8,23.4
17003,17.6,15.5,23.9
27129,13.4,11.2,16.3
29201,18.0,15.8,23.6
42043,14.5,12.7,19.2
21053,21.4,20.2,30.5
13287,20.1,18.1,27.8
47079,19.9,17.3,25.1
37173,18.4,16.4,25.2
17099,15.0,12.7,18.6
29135,15.8,13.6,20.1
27087,18.1,16.7,25.1
13147,19.1,16.2,23.4
48121,12.1,9.7,15.6
20041,15.1,11.6,17.7
20209,15.5,14.3,25.1
29035,17.7,15.1,21.9
37067,14.4,12.2,19.5
18053,17.3,15.3,22.9
54057,20.1,15.8,22.7
19067,13.9,11.3,16.0
47159,19.3,16.6,24.2
5041,20.9,19.6,32.1
1095,18.4,16.3,24.9
1031,17.3,14.4,21.7
37071,16.0,13.5,21.2
5105,19.7,16.9,24.2
6029,14.7,15.9,26.8
48033,12.1,9.7,14.7
19123,14.2,11.3,15.7
31119,12.3,11.2,16.9
2016,11.0,10.5,18.5
29510,16.1,14.3,22.5
48329,12.6,11.5,20.8
51091,15.7,12.6,17.9
20189,14.8,13.6,24.7
1125,17.1,14.2,20.5
36105,14.6,13.1,20.1
28061,17.9,15.2,26.5
21023,18.4,16.3,23.9
5135,21.3,18.9,27.6
26137,17.5,13.8,17.7
55059,13.6,11.5,16.0
55131,12.4,9.4,12.0
8065,13.3,12.4,19.1
37025,13.8,11.3,17.6
17193,16.5,13.5,18.8
47113,17.4,15.6,23.6
36115,15.4,12.8,18.3
48353,15.2,14.6,26.2
13113,13.5,10.3,14.3
19165,13.1,10.1,14.3
29045,17.9,15.3,22.0
27171,11.8,9.1,12.1
42053,16.4,15.8,25.6
30047,16.4,14.3,18.9
22015,17.0,13.2,20.6
13233,18.6,16.3,24.5
46023,14.4,13.2,20.2
12099,14.2,12.6,19.6
17025,16.8,13.9,19.6
40015,17.4,16.2,25.6
2230,13.0,10.4,15.0
5001,19.3,16.7,25.6
54043,23.2,19.6,29.0
27035,13.5,10.8,14.6
8019,12.0,9.5,11.7
6083,12.7,12.1,19.7
30017,15.2,12.3,15.3
48463,14.4,15.1,29.6
12005,17.6,14.4,20.1
13201,19.3,16.5,24.2
48299,15.3,13.1,20.5
51121,14.8,12.5,17.2
48235,14.1,12.3,20.5
19029,14.3,11.5,16.5
27013,13.1,10.8,14.3
12037,18.2,16.6,24.3
5023,18.7,15.6,22.4
45011,17.8,16.9,26.3
30111,15.2,12.0,14.8
13167,19.6,17.6,27.5
37109,14.7,12.1,18.1
27107,13.6,11.2,15.7
20105,15.0,11.4,16.7
37145,16.0,13.6,21.5
48081,15.2,13.5,22.7
51127,14.0,11.1,16.2
12071,15.3,13.6,20.7
2170,13.7,11.4,17.0
20095,14.0,10.3,15.2
37111,16.4,14.0,21.0
21033,18.1,16.0,23.8
20071,13.5,10.8,17.6
55097,13.6,10.9,14.3
40151,15.1,12.8,19.1
31167,12.4,10.0,14.1
31055,11.8,10.3,15.4
51141,17.2,14.2,21.7
23015,14.8,12.1,15.5
39063,16.0,12.6,17.5
9003,12.2,10.2,15.0
48335,14.1,14.0,26.4
28125,19.8,18.3,33.4
17129,14.6,11.4,15.4
54013,22.7,19.5,28.5
29165,13.1,10.5,14.5
13317,19.4,17.1,26.6
38057,11.6,10.2,14.7
51095,12.4,9.6,13.7
51025,16.6,15.2,25.5
47017,19.3,16.8,24.9
36041,16.7,13.8,19.7
39033,18.9,15.0,21.4
6059,11.3,10.7,17.4
47021,17.4,14.3,20.3
41061,16.5,13.4,19.0
29015,18.1,15.7,22.4
21089,17.9,15.7,22.4
42107,16.5,13.8,20.2
18157,14.8,13.2,18.5
16019,14.2,13.0,16.4
28031,18.7,15.9,27.1
17089,12.4,11.2,18.2
48185,15.8,15.0,26.3
33011,13.2,11.6,14.2
37055,13.4,10.7,15.3
18117,18.1,15.6,23.2
17163,14.9,12.6,18.9
47051,18.0,15.2,22.0
55011,14.4,11.4,15.1
40079,18.5,16.9,26.1
51029,16.9,15.0,24.2
45071,16.0,14.9,22.8
13213,19.2,16.7,25.5
21191,17.9,15.6,22.6
54003,18.9,15.2,22.3
40121,17.6,15.3,23.1
24025,13.2,10.1,14.4
28097,18.6,15.8,27.2
35031,22.4,21.4,30.6
39127,19.4,15.6,22.2
6073,12.2,10.7,16.9
39089,16.7,13.2,18.3
16083,14.7,14.0,19.4
28135,18.9,18.1,33.4
55001,14.9,12.6,17.7
47085,18.9,16.0,23.3
13223,16.3,13.0,18.5
13137,17.6,15.1,22.6
21153,21.7,20.7,30.8
12089,16.0,12.9,17.2
18023,16.0,14.5,22.6
6093,15.3,13.6,19.3
37045,17.0,14.5,22.9
53055,12.7,10.6,13.3
54087,22.1,18.8,27.5
19187,14.0,11.5,16.6
40093,15.6,13.0,19.6
4009,15.4,14.6,22.7
48265,14.1,12.6,20.9
21043,20.2,18.4,27.2
28033,15.3,11.3,19.1
36085,13.4,11.5,18.4
20169,14.1,11.2,17.1
48497,14.9,12.9,21.1
